%time,epauleARG,epauleAVD,coudeARG,coudeAVD,aileARG,aileAVD,epauleARD,epauleAVG,coudeARD,coudeAVG,aileARD,aileAVG
0,0.726961978,0.726961978,1.577927636,1.577927636,0,0,0.726961978,0.726961978,1.577927636,1.577927636,0,0
0.045975104,0.726961978,0.726961978,1.577927636,1.577927636,0,0,0.726961978,0.726961978,1.577927636,1.577927636,0,0
0.091950207,0.726661086,0.726814792,1.577671462,1.578013987,-4.38E-05,4.70E-05,0.726638522,0.726835901,1.577627992,1.57805427,4.38E-05,-4.70E-05
0.137925311,0.725779099,0.726376388,1.576900447,1.578229022,-0.000161866,0.000173076,0.725697602,0.726452779,1.576743113,1.578375187,0.000161875,-0.000173067
0.183900415,0.72434709,0.725651592,1.575611301,1.578506784,-0.000334228,0.000356135,0.724183448,0.725805396,1.575294616,1.578801976,0.000334264,-0.000356097
0.229875519,0.722396217,0.724645293,1.573801309,1.578781375,-0.000540929,0.000573961,0.722140387,0.724886587,1.573304732,1.579246254,0.000541021,-0.000573861
0.275850622,0.719957739,0.723362366,1.571468311,1.57898692,-0.000762029,0.000804375,0.719612861,0.723689121,1.570796184,1.579619617,0.000762211,-0.000804182
0.321825726,0.717063032,0.721807629,1.568610674,1.579057561,-0.0009776,0.001025211,0.716645436,0.72220563,1.567792074,1.57983364,0.000977894,-0.001024901
0.36780083,0.713743614,0.719985804,1.565227271,1.578927477,-0.001167717,0.001214311,0.713282805,0.720428566,1.564315772,1.579799923,0.001168128,-0.001213885
0.413775934,0.710031155,0.717901507,1.561317458,1.578530932,-0.001312455,0.001349524,0.709569787,0.718350195,1.560390816,1.579430196,0.001312957,-0.001349012
0.459751037,0.705957492,0.715559257,1.556881058,1.577802355,-0.001391875,0.001408702,0.705551323,0.71596263,1.556040825,1.578636462,0.001392407,-0.001408168
0.505726141,0.701554644,0.7129635,1.551918339,1.576676434,-0.001386016,0.001369696,0.701272462,0.713257893,1.551289418,1.577331194,0.001386491,-0.001369231
0.551701245,0.696854045,0.71012198,1.546444359,1.575112534,-0.001278274,0.001214353,0.696774701,0.710233957,1.546169463,1.575456358,0.001278589,-0.001214051
0.597676349,0.691884053,0.707055782,1.54053173,1.573167524,-0.001065539,0.000940533,0.69208487,0.706912699,1.540750852,1.573069768,0.001065616,-0.000940448
0.643651452,0.686671928,0.703789354,1.534266909,1.570922645,-0.000748037,0.000550083,0.687225815,0.703322033,1.535112205,1.57025827,0.000747848,-0.000550199
0.689626556,0.681244512,0.700347134,1.52773562,1.568459064,-0.000325937,4.48E-05,0.682219981,0.699489878,1.52933144,1.567108703,0.000325531,-4.50E-05
0.73560166,0.675628191,0.696753515,1.521022751,1.565857783,0.000200647,-0.000573361,0.677089413,0.695444088,1.523485731,1.563707724,-0.000201119,0.000573298
0.781576763,0.669848897,0.693032847,1.514212297,1.56319958,0.000831651,-0.001302689,0.671855784,0.691212422,1.517651508,1.560141694,-0.000831913,0.001303147
0.827551867,0.663932137,0.689209457,1.507387342,1.560564995,0.001567065,-0.002141303,0.666540444,0.686822537,1.511904486,1.556496595,-0.001566688,0.002142827
0.873526971,0.657903044,0.685307708,1.500630085,1.558034354,0.002406921,-0.003087346,0.661164496,0.682302011,1.506319731,1.552857995,-0.002405302,0.00309067
0.919502075,0.651884985,0.68084179,1.491419449,1.551842813,0.003366765,-0.004142232,0.655748901,0.677678405,1.500971752,1.549311058,-0.003347626,0.004145006
0.965477178,0.646083695,0.67551759,1.477748147,1.538981195,0.004461292,-0.005308594,0.650314602,0.672979338,1.495934617,1.545940588,-0.004393538,0.005304151
1.011452282,0.640706741,0.669717013,1.460558804,1.520759264,0.005683884,-0.006580659,0.64491403,0.668262228,1.491344446,1.542889395,-0.005537231,0.00656055
1.057427386,0.636106602,0.663949401,1.441067952,1.498707311,0.007005119,-0.007929191,0.639725402,0.663703461,1.48758553,1.540532482,-0.0067501,0.007883119
1.10340249,0.632649978,0.658733104,1.420532002,1.474373003,0.008389357,-0.009318528,0.634959464,0.65951038,1.485102364,1.539301653,-0.007997708,0.00923463
1.149377593,0.630663908,0.65454124,1.400163946,1.449242064,0.009800044,-0.01071209,0.63082982,0.655893148,1.484339353,1.539629068,-0.009245437,0.010577528
1.195352697,0.630422736,0.651783309,1.381127704,1.424726716,0.011199378,-0.012072103,0.627555168,0.653066746,1.485744142,1.541950325,-0.010458466,0.011873947
1.241327801,0.632141365,0.650795084,1.364539505,1.402166014,0.012548048,-0.013359399,0.625362067,0.651253513,1.489771979,1.546708616,-0.011601782,0.013085761
1.287302905,0.635975057,0.65183628,1.35147473,1.382834718,0.013805086,-0.014533319,0.624488253,0.650686264,1.496891296,1.554360161,-0.0126402,0.014174677
1.333278008,0.642026487,0.655096291,1.342979396,1.367958358,0.014927862,-0.015551759,0.625186613,0.651612098,1.507590841,1.565381224,-0.013538403,0.015102357
1.379253112,0.650360991,0.660709024,1.340086301,1.35873347,0.015872275,-0.016371407,0.627730013,0.654297079,1.522388893,1.580277239,-0.014261005,0.015830582
1.425228216,0.661030901,0.668778089,1.343836876,1.356353462,0.016593155,-0.016948197,0.632417289,0.65903215,1.541845408,1.599594878,-0.014772629,0.016321433
1.47120332,0.674023379,0.67934123,1.355095214,1.361856891,0.017054752,-0.017248564,0.639474116,0.666034406,1.566351311,1.623713675,-0.015047369,0.016547837
1.517178423,0.689042187,0.692201289,1.373927956,1.375608133,0.017261355,-0.017282078,0.648723824,0.675119375,1.595439416,1.652163209,-0.015097035,0.016524653
1.563153527,0.705791624,0.707182255,1.400257688,1.397876264,0.017228651,-0.017070303,0.659877493,0.685989873,1.628420178,1.684249581,-0.014943149,0.016277491
1.609128631,0.725368904,0.725486824,1.433881246,1.428731479,0.016992041,-0.016640781,0.672628398,0.698329832,1.664586747,1.719257044,-0.014607518,0.015832133
1.655103734,0.74852007,0.74783251,1.473859901,1.467138269,0.016588684,-0.016024156,0.686643506,0.711795493,1.703197414,1.756429672,-0.014112165,0.015214343
1.701078838,0.774499171,0.773410327,1.519055675,1.511783228,0.016039006,-0.015248056,0.701554884,0.726006507,1.743456702,1.794951867,-0.013479268,0.014449726
1.747053942,0.802555796,0.801410293,1.568276238,1.561306985,0.015364396,-0.014340152,0.716950777,0.740536822,1.784495018,1.833927805,-0.012731113,0.013563641
1.793029046,0.831917441,0.830999682,1.620233403,1.614254101,0.014586998,-0.013327836,0.732366488,0.754905706,1.825347429,1.87236082,-0.011890065,0.012581154
1.839004149,0.861767446,0.861296337,1.673497755,1.669018182,0.013729529,-0.012238049,0.747275707,0.768569861,1.864933305,1.909135053,-0.01097855,0.011527022
1.884979253,0.891219688,0.891338072,1.726450006,1.723782237,0.012815134,-0.011097216,0.761083785,0.78091848,1.90204026,1.92,-0.010019051,0.010425718
1.930954357,0.919364339,0.920120063,1.777424009,1.776644207,0.011858438,-0.009922262,0.773216565,0.791379826,1.92,1.92,-0.009025614,0.009292572
1.976929461,0.945486364,0.94680061,1.825293598,1.826176831,0.010839054,-0.008693851,0.783420084,0.799769822,1.92,1.92,-0.007978334,0.008107253
2.022904564,0.96888279,0.970523907,1.868976497,1.870941678,0.009728199,-0.00738379,0.789983813,0.803624206,1.92,1.92,-0.006856636,0.006843318
2.068879668,0.988795703,0.990356469,1.907264216,1.909326982,0.008497436,-0.005964019,0.791320337,0.800785228,1.92,1.92,-0.005638936,0.00547312
2.114854772,1.004420785,1.005302534,1.92,1.92,0.00711855,-0.004406499,0.787726435,0.792005474,1.92,1.92,-0.004295355,0.003965691
2.160829876,1.014929046,1.014340989,1.92,1.92,0.005563431,-0.002683091,0.779796751,0.778374442,1.92,1.92,-0.002795815,0.002289843
2.206804979,1.019502857,1.016484527,1.92,1.92,0.003803954,-0.000765417,0.768309812,0.761122126,1.919746268,1.904241084,-0.001109843,0.000413976
2.252780083,1.017382637,1.010851941,1.92,1.92,0.001811853,0.001375308,0.75411373,0.741460683,1.876939582,1.850152541,0.000793624,-0.001694072
2.298755187,1.010648748,1.000158135,1.92,1.92,-0.000435019,0.003771783,0.738037272,0.720489767,1.827511808,1.790553543,0.00294642,-0.004067134
2.34473029,1.001849172,0.98767894,1.92,1.92,-0.002958951,0.006457652,0.72083471,0.699157609,1.773299219,1.727628325,0.005381335,-0.006738782
2.390705394,0.991084622,0.973572462,1.92,1.917195599,-0.005770271,0.009444665,0.703241948,0.678311309,1.716065378,1.663321397,0.008113671,-0.009724082
2.436680498,0.978753447,0.958279767,1.92,1.896466418,-0.008805906,0.012667876,0.686192363,0.658855939,1.657914452,1.599645073,0.011085052,-0.012961326
2.482655602,0.965320131,0.942291478,1.92,1.875034481,-0.011984675,0.01604268,0.670535098,0.641583702,1.600798401,1.538414738,0.014218425,-0.016368731
2.528630705,0.951234389,0.926071965,1.910253792,1.8539648,-0.015225652,0.019483764,0.656962571,0.627136123,1.546418239,1.481226658,0.017436182,-0.019863024
2.574605809,0.936928266,0.910062123,1.893958184,1.834256268,-0.018448113,0.022904946,0.646026649,0.616019361,1.496289656,1.429529041,0.020659701,-0.023358845
2.620580913,0.922817655,0.894685703,1.878937832,1.816853304,-0.021571476,0.026219086,0.638152844,0.608615312,1.451801765,1.384680709,0.023808872,-0.026768191
2.666556017,0.909307132,0.880358052,1.866086908,1.802662131,-0.024515234,0.029338066,0.633654176,0.605192722,1.414267482,1.347999268,0.02680163,-0.029999999
2.71253112,0.896797238,0.867496565,1.85627338,1.792570458,-0.027198879,0.032172872,0.632748592,0.605924452,1.384967264,1.320802463,0.02955359,-0.032960014
2.758506224,0.885693736,0.856532668,1.850356863,1.787470451,-0.029541819,0.03463377,0.635585076,0.610917975,1.365189845,1.304447702,0.031977868,-0.035551089
2.804481328,0.876418771,0.847925661,1.849210622,1.788286075,-0.031463288,0.036630603,0.642283718,0.620265628,1.356275216,1.300376474,0.033985193,-0.037674044
2.850456432,0.869293069,0.842032849,1.85344121,1.795667284,-0.032898658,0.03809162,0.65387089,0.635009005,1.359021237,1.309472995,0.035500675,-0.039253129
2.896431535,0.864143904,0.838670575,1.862482121,1.808988195,-0.033848709,0.039019354,0.670626094,0.655379505,1.37240339,1.330609343,0.0365167,-0.040289522
2.942406639,0.860676921,0.837522774,1.875494572,1.827333196,-0.034330605,0.039435789,0.691624272,0.680369874,1.395166354,1.362381852,0.03704494,-0.04080135
2.988381743,0.858592249,0.838267736,1.891648072,1.849802122,-0.034361593,0.039363774,0.716019857,0.709077812,1.426106745,1.403444686,0.037099358,-0.04080983
3.034356846,0.857573645,0.840563956,1.91009824,1.875481437,-0.033959051,0.038826786,0.743035672,0.740688456,1.464031038,1.452463272,0.03669622,-0.040338579
3.08033195,0.857279558,0.844037713,1.92,1.903417533,-0.033140516,0.037848704,0.771945782,0.774447884,1.507719227,1.508071481,0.035853867,-0.039412845
3.126307054,0.857335975,0.848271817,1.92,1.92,-0.031923682,0.036453604,0.802052422,0.809628672,1.555889114,1.568825269,0.034592348,-0.038058797
3.172282158,0.857331387,0.852795611,1.92,1.92,-0.030326378,0.034665579,0.832657972,0.845488725,1.607157674,1.633146987,0.032932992,-0.03630293
3.218257261,0.856814693,0.857077086,1.92,1.92,-0.028366514,0.032508596,0.863033382,0.881224221,1.659997661,1.699256229,0.030897982,-0.034171623
3.264232365,0.85529733,0.860519019,1.92,1.92,-0.026062023,0.030006366,0.892384839,0.915917636,1.712690103,1.765085961,0.02850996,-0.031690824
3.310207469,0.852332913,0.86255594,1.92,1.92,-0.023436157,0.027187097,0.919865595,0.948551783,1.763419489,1.828387155,0.025797046,-0.028890485
3.356182573,0.847754628,0.862966331,1.92,1.92,-0.020533564,0.02409799,0.944699494,0.978199261,1.810701873,1.88730859,0.022808433,-0.025818334
3.402157676,0.840567993,0.859728771,1.92,1.92,-0.017461985,0.020857774,0.96606764,1.003849675,1.85301283,1.92,0.019597848,-0.022525973
3.44813278,0.829969313,0.85110349,1.92,1.92,-0.014323822,0.017577321,0.983071877,1.024350261,1.888674018,1.92,0.016218211,-0.019064374
3.494107884,0.816331185,0.837691481,1.92,1.92,-0.011162205,0.014298529,0.994755122,1.038441133,1.915910711,1.92,0.012721749,-0.015484019
3.540082988,0.800182115,0.820366981,1.92,1.92,-0.008021705,0.01106542,1.000142941,1.044838355,1.92,1.92,0.009160116,-0.011835024
3.586058091,0.782120865,0.800116364,1.915003904,1.92,-0.004948148,0.007923707,0.99830474,1.042362953,1.92,1.92,0.005584536,-0.008167269
3.632033195,0.762748051,0.777910784,1.86841075,1.898632212,-0.001988462,0.004920443,0.98842311,1.030084179,1.92,1.92,0.002045962,-0.004530523
3.678008299,0.742621154,0.754629853,1.817165216,1.840820665,0.000809448,0.002103708,0.973500157,1.011964754,1.913993052,1.92,-0.001406801,-0.000974819
3.723983402,0.722230588,0.731029366,1.762576648,1.779592928,0.003396826,-0.000477694,0.956989078,0.992489777,1.894184851,1.92,-0.004725342,0.002449022
3.769958506,0.702083339,0.707816552,1.705953894,1.71664611,0.005729094,-0.002780018,0.938973373,0.971845176,1.871258724,1.92,-0.007864082,0.005694917
3.81593361,0.682955205,0.685874084,1.649082983,1.653959779,0.00778154,-0.004782226,0.919914209,0.950526921,1.846289002,1.917097394,-0.010796129,0.008737102
3.861908714,0.665576678,0.66599871,1.59366954,1.593350832,0.009536651,-0.006471976,0.900341244,0.929069282,1.820474556,1.887014293,-0.013499359,0.011554868
3.907883817,0.65054862,0.648839406,1.541213966,1.536399418,0.010980317,-0.007841597,0.88075287,0.907963687,1.794929401,1.858048278,-0.015951806,0.014127492
3.953858921,0.638356374,0.634917049,1.493068233,1.484521808,0.012102695,-0.00888921,0.86161959,0.887667811,1.770688964,1.831197514,-0.018131668,0.016434243
3.999834025,0.629382078,0.624639814,1.45048588,1.439031059,0.012898899,-0.009619545,0.843390986,0.868616814,1.748723271,1.807391465,-0.020017269,0.018454354
4.045809129,0.623916924,0.618317417,1.414664848,1.401187117,0.013369353,-0.010044184,0.826504866,0.851235549,1.729954221,1.787514689,-0.021586966,0.020166932
4.091784232,0.622176706,0.616178997,1.386784941,1.372239928,0.013519604,-0.01018093,0.811397778,0.835951259,1.715275446,1.772431482,-0.022819,0.021550815
4.137759336,0.624324815,0.618400238,1.368043032,1.353470287,0.013359397,-0.010052024,0.798516545,0.823206849,1.705574395,1.763011905,-0.023691291,0.022584387
4.18373444,0.630506924,0.625145188,1.359690377,1.346234406,0.012900869,-0.009681063,0.788330951,0.813475275,1.70175734,1.760160835,-0.02418118,0.023245341
4.229709544,0.641712887,0.637430354,1.362472895,1.351405858,0.012112741,-0.009037809,0.781196231,0.807113433,1.704450971,1.764501428,-0.024275526,0.02352033
4.275684647,0.658186619,0.655444549,1.375415251,1.367935602,0.010991358,-0.008107703,0.776899165,0.803876267,1.713040365,1.775344524,-0.024001876,0.023434957
4.321659751,0.679023209,0.67820625,1.397318257,1.394468312,0.009587124,-0.006931694,0.775090198,0.803376612,1.726636794,1.791717142,-0.023397833,0.023024866
4.367634855,0.703383667,0.704818985,1.427030051,1.429714033,0.007946111,-0.005545637,0.775418673,0.805227394,1.744377235,1.812677092,-0.022500985,0.022326163
4.413609959,0.73048534,0.734456404,1.463406225,1.472400151,0.006110668,-0.003981917,0.77752105,0.809026807,1.765400142,1.837281935,-0.021349136,0.021375586
4.459585062,0.759587335,0.766341136,1.505275463,1.521228729,0.004120244,-0.002271005,0.781011205,0.814345676,1.788824232,1.864561019,-0.019980497,0.020210635
4.505560166,0.789970773,0.799717386,1.551406206,1.57483313,0.002012249,-0.000442775,0.785472224,0.820716138,1.813729444,1.893489286,-0.018433826,0.018869654
4.55153527,0.820914585,0.833817974,1.600471323,1.631729421,-0.000177138,0.0014725,0.79044955,0.827621474,1.83914019,1.92,-0.016748535,0.017391872
4.597510373,0.851668062,0.867826763,1.651009297,1.690259821,-0.002412283,0.003443469,0.795445815,0.834487652,1.864012017,1.92,-0.014964765,0.015817435
4.643485477,0.881421882,0.900837971,1.701382739,1.748528269,-0.00465755,0.005437285,0.799918237,0.840678112,1.88722391,1.92,-0.013123437,0.01418742
4.689460581,0.909336036,0.931885611,1.749896117,1.804523162,-0.006876985,0.007419183,0.803353377,0.845592084,1.90775292,1.92,-0.011265146,0.012542711
4.735435685,0.934703181,0.960147028,1.795278966,1.856689886,-0.009034487,0.009352176,0.805505814,0.848984899,1.92,1.92,-0.00942654,0.010920248
4.781410788,0.956803739,0.984763467,1.836274463,1.903441729,-0.0110936,0.011198173,0.805268689,0.848687236,1.92,1.92,-0.007584292,0.009289257
4.827385892,0.974856545,1.004778948,1.871506751,1.92,-0.013017279,0.012918103,0.801642612,0.842796603,1.92,1.92,-0.005724073,0.007630131
4.873360996,0.988032392,1.019163707,1.899522113,1.92,-0.014767689,0.014471721,0.794788128,0.831870965,1.919451473,1.92,-0.003893538,0.005992932
4.9193361,0.995481983,1.026865139,1.918862806,1.92,-0.016305985,0.015817343,0.785045419,0.816750662,1.896391948,1.92,-0.002138664,0.004425001
4.965311203,0.996377957,1.026885371,1.92,1.92,-0.017592033,0.016911507,0.772866651,0.798400751,1.864913726,1.92,-0.000504204,0.002971646
5.011286307,0.990624852,1.018370562,1.92,1.92,-0.018584062,0.017708505,0.758752092,0.777782467,1.826461848,1.873564677,0.000965953,0.001676668
5.057261411,0.979892273,1.004567058,1.916430604,1.92,-0.01928412,0.018207637,0.743199387,0.7557731,1.782441829,1.816305088,0.002228493,0.00058278
5.103236515,0.966897401,0.98920965,1.902146404,1.92,-0.019698972,0.018415424,0.726669126,0.733129547,1.73415863,1.755443818,0.003240421,-0.000268049
5.149211618,0.951676842,0.972418756,1.883705192,1.92,-0.019801499,0.018304674,0.709667433,0.710565512,1.682964359,1.692722871,0.003969429,-0.000845071
5.195186722,0.934725091,0.954644687,1.86223506,1.91354431,-0.019601675,0.017887493,0.693019862,0.688990255,1.630741157,1.630157236,0.004425849,-0.001161402
5.241161826,0.916631922,0.936397194,1.83903142,1.890886204,-0.019119562,0.017186906,0.677521493,0.669231982,1.579310055,1.569599288,0.004631588,-0.001242625
5.287136929,0.897959911,0.918159573,1.815311819,1.869041408,-0.018376262,0.016227317,0.663836665,0.651969721,1.530285386,1.512666197,0.00460956,-0.001116048
5.333112033,0.879243555,0.900393432,1.792212952,1.848960609,-0.017393981,0.015034531,0.652510145,0.637752244,1.485124052,1.460812373,0.004383441,-0.000810358
5.379087137,0.860993682,0.88354619,1.770798237,1.831543889,-0.016196048,0.013635695,0.643978999,0.627013207,1.44517275,1.415390553,0.003977228,-0.000354937
5.425062241,0.843705345,0.8680603,1.752072256,1.817658633,-0.014806842,0.012059158,0.638585988,0.620085645,1.411710804,1.377702752,0.003414563,0.000221221
5.471037344,0.827867924,0.854383731,1.736999575,1.808160105,-0.013251648,0.010334205,0.636597228,0.617220804,1.385989214,1.349044374,0.002717827,0.000891028
5.517012448,0.81397673,0.842981697,1.726526819,1.803914999,-0.011556385,0.008490675,0.638227852,0.618617151,1.369268484,1.330746068,0.001907036,0.001631152
5.562987552,0.802545945,0.834350131,1.721608129,1.805829435,-0.009747229,0.00655845,0.643679579,0.624465236,1.362859464,1.324219338,0.000998652,0.00242402
5.608962656,0.793976555,0.828874248,1.722915103,1.81453884,-0.007851003,0.004566724,0.654012443,0.635817485,1.367625673,1.330340543,5.70E-05,0.00319473
5.654937759,0.788119524,0.826353984,1.729901728,1.82938823,-0.00589724,0.002542955,0.669546409,0.652904023,1.382674347,1.348018158,-0.000863915,0.003890746
5.700912863,0.784695373,0.826443685,1.741755301,1.849428874,-0.003915229,0.000512924,0.689448564,0.674784931,1.406816419,1.375889008,-0.001767859,0.004534866
5.746887967,0.783425738,0.828789444,1.757691451,1.873725915,-0.00193344,-0.001498678,0.712953643,0.700606743,1.438916905,1.412654677,-0.002657682,0.005147833
5.792863071,0.784022651,0.833014466,1.776932438,1.901326948,2.01E-05,-0.003467726,0.739353072,0.729586205,1.477856705,1.457032908,-0.003533243,0.005744727
5.838838174,0.78617978,0.838705895,1.798688306,1.92,0.001917502,-0.005370226,0.76797938,0.760987871,1.522498831,1.507714368,-0.004389985,0.006332925
5.884813278,0.789565045,0.845402478,1.822139978,1.92,0.003730704,-0.007181954,0.798185754,0.794095484,1.571654579,1.563318392,-0.005218305,0.006911423
5.930788382,0.793814374,0.852583179,1.846424144,1.92,0.005431281,-0.008878184,0.829321205,0.828177805,1.624046366,1.622342825,-0.006003507,0.007471138
5.976763485,0.798526733,0.859657879,1.870620569,1.92,0.006990258,-0.010433501,0.860702089,0.862449612,1.678265211,1.683104742,-0.006726154,0.007995811
6.022738589,0.803260973,0.865962639,1.893743278,1.92,0.008377988,-0.011821669,0.891581064,0.896029114,1.732722715,1.74367165,-0.00736264,0.008463194
6.068713693,0.807582391,0.870867138,1.914879076,1.92,0.009573368,-0.013024177,0.92115398,0.927953993,1.785743701,1.801979286,-0.007895142,0.008855168
6.114688797,0.811217527,0.874122965,1.92,1.92,0.010591881,-0.014056269,0.948666942,0.957351013,1.835992032,1.856403211,-0.008340449,0.009186155
6.1606639,0.812939936,0.872834736,1.92,1.92,0.011454118,-0.014915429,0.973318806,0.983289216,1.882089498,1.905263771,-0.008723146,0.009478317
6.206639004,0.811612786,0.864561594,1.92,1.92,0.01217898,-0.01559819,0.994223803,1.004728537,1.92,1.92,-0.009066845,0.009753321
6.252614108,0.807312887,0.850271787,1.92,1.92,0.012788332,-0.016126009,1.010421958,1.020544343,1.92,1.92,-0.009394578,0.010032774
6.298589212,0.800302711,0.83126934,1.912251085,1.92,0.013304018,-0.016519725,1.02090952,1.029583889,1.92,1.92,-0.009729166,0.010338625
6.344564315,0.7909659,0.808931702,1.882591613,1.92,0.013748011,-0.016799954,1.024692107,1.030754518,1.92,1.92,-0.010093573,0.010693584
6.390539419,0.779744057,0.784532399,1.845809171,1.891638888,0.014142559,-0.016987479,1.020854986,1.023126384,1.92,1.92,-0.010511265,0.011121563
6.436514523,0.767084789,0.759159815,1.803274941,1.824196569,0.014510342,-0.017103669,1.012909299,1.010074438,1.92,1.92,-0.010959763,0.011591221
6.482489627,0.753405116,0.733702425,1.75627244,1.754142294,0.014874644,-0.017170939,1.002868786,0.995486325,1.92,1.92,-0.011415687,0.012070404
6.52846473,0.73917413,0.708937616,1.706141387,1.683369942,0.015250617,-0.017204042,0.990731017,0.979462939,1.92,1.92,-0.011893046,0.012574052
6.574439834,0.72519173,0.685753307,1.654758932,1.613864941,0.015619032,-0.01718322,0.976921082,0.96243268,1.92,1.914410353,-0.012371436,0.013080993
6.620414938,0.712229932,0.664931864,1.603941859,1.547404688,0.015953799,-0.017083254,0.961955628,0.944880774,1.92,1.890567466,-0.01282259,0.013561634
6.666390041,0.700929259,0.64710306,1.555297385,1.485537688,0.016231179,-0.016883713,0.946328419,0.927263829,1.906243805,1.867516207,-0.013219144,0.013987129
6.712365145,0.691809475,0.632764053,1.510270996,1.429664702,0.016429914,-0.016569795,0.930508404,0.910014962,1.887125049,1.846196754,-0.013534631,0.014329359
6.758340249,0.685281196,0.622292651,1.470192933,1.381102376,0.016531187,-0.016132908,0.914942605,0.893551537,1.869403434,1.827495856,-0.013743423,0.014560865
6.804315353,0.681658878,0.615959205,1.43632056,1.341133722,0.016518333,-0.015570703,0.900062301,0.87828449,1.853994774,1.812264797,-0.013820621,0.01465475
6.850290456,0.681177577,0.613944073,1.409876885,1.311050627,0.016376203,-0.014886241,0.886291404,0.864628742,1.841778417,1.801339623,-0.013741868,0.014584516
6.89626556,0.684016995,0.61636826,1.39208753,1.292194253,0.016090125,-0.014086024,0.874056393,0.853014663,1.833616737,1.795563872,-0.013483092,0.014323848
6.942240664,0.690336533,0.623344185,1.384220029,1.286000452,0.015644472,-0.013176779,0.863797677,0.843901003,1.830377895,1.795815109,-0.01302016,0.013846342
6.988215768,0.701163274,0.635910079,1.387066284,1.293401733,0.015028356,-0.012144225,0.855847182,0.837640232,1.832654131,1.802697819,-0.012334431,0.013131782
7.034190871,0.716813587,0.654279345,1.399693783,1.313252058,0.014242916,-0.010975016,0.850025371,0.834027907,1.839857707,1.815540913,-0.011430299,0.01218563
7.080165975,0.736444719,0.67745163,1.420902449,1.344067816,0.013286805,-0.009669785,0.846029773,0.832721959,1.851135587,1.833383912,-0.010317331,0.011019303
7.126141079,0.7592757,0.704532737,1.449535147,1.384440336,0.012157561,-0.008224908,0.843556063,0.833372917,1.865652511,1.855280787,-0.009004696,0.00964394
7.172116183,0.784576677,0.734714456,1.484438578,1.432984298,0.010853245,-0.006635428,0.842287681,0.835609727,1.882569364,1.880269936,-0.007501512,0.008070727
7.218091286,0.81165392,0.767246635,1.524429125,1.488291036,0.009373603,-0.004897271,0.841887622,0.839027428,1.901025367,1.907346724,-0.00581711,0.006311118
7.26406639,0.839830346,0.80140215,1.56825968,1.548879183,0.007720742,-0.003008636,0.84199215,0.843176217,1.92,1.92,-0.003961215,0.004376977
7.310041494,0.868422311,0.83643576,1.614585015,1.613136748,0.005899387,-0.000970654,0.842206557,0.847552121,1.92,1.92,-0.001944032,0.002280636
7.356016598,0.89671395,0.871537468,1.661924951,1.679250413,0.003916814,0.001212517,0.842103543,0.851590404,1.92,1.92,0.000223731,3.49E-05
7.401991701,0.923931046,0.905781261,1.708627074,1.745120808,0.001782553,0.003533984,0.841225041,0.854663897,1.92,1.92,0.002530918,-0.002347149
7.447966805,0.949255755,0.938137444,1.752972087,1.808469983,-0.000487241,0.005979624,0.839148082,0.856185197,1.92,1.92,0.004961116,-0.00484724
7.493941909,0.971939413,0.967655465,1.793600099,1.867430588,-0.002856271,0.0085141,0.835680806,0.855927059,1.92,1.92,0.007478107,-0.007428012
7.539917012,0.991208941,0.993300583,1.829156007,1.92,-0.005283573,0.011097102,0.830309545,0.85199778,1.92,1.92,0.010010795,-0.010019918
7.585892116,1.006240148,1.013897555,1.858188487,1.92,-0.00772851,0.013688554,0.822621608,0.842818032,1.92,1.92,0.012489974,-0.012554801
7.63186722,1.016178619,1.028165599,1.879208055,1.92,-0.010150812,0.016248632,0.812772756,0.829024439,1.92,1.92,0.014876882,-0.014992225
7.677842324,1.020174472,1.034800178,1.890776989,1.92,-0.012510606,0.018737792,0.801045705,0.811504017,1.92,1.92,0.017132097,-0.017291008
7.723817427,1.020854986,1.023126384,1.92,1.92,-0.010511265,0.011121563,0.78779494,0.791233556,1.906869558,1.92,0.019215545,-0.019409229
7.769792531,1.012909299,1.010074438,1.92,1.92,-0.010959763,0.011591221,0.773398953,0.769158776,1.867901253,1.875873174,0.021086503,-0.021304229
7.815767635,1.002868786,0.995486325,1.92,1.92,-0.011415687,0.012070404,0.758224443,0.746125328,1.82431511,1.816553595,0.022703599,-0.022932616
7.861742739,0.990731017,0.979462939,1.92,1.92,-0.011893046,0.012574052,0.742602822,0.722851752,1.777164783,1.754070641,0.024024821,-0.024250285
7.907717842,0.976921082,0.96243268,1.92,1.914410353,-0.012371436,0.013080993,0.726919736,0.700012492,1.727571058,1.690088036,0.025016487,-0.025221729
7.953692946,0.961955628,0.944880774,1.92,1.890567466,-0.01282259,0.013561634,0.711892999,0.678478328,1.677211814,1.626549704,0.025680873,-0.025848693
7.99966805,0.946328419,0.927263829,1.906243805,1.867516207,-0.013219144,0.013987129,0.698221647,0.659039294,1.627730216,1.565245066,0.026030917,-0.026144204
8.045643154,0.930508404,0.910014962,1.887125049,1.846196754,-0.013534631,0.014329359,0.686483636,0.642335471,1.580584929,1.507736302,0.026082005,-0.026124355
8.091618257,0.914942605,0.893551537,1.869403434,1.827495856,-0.013743423,0.014560865,0.677144393,0.628873849,1.53709343,1.45542901,0.02585249,-0.025809144
8.137593361,0.900062301,0.87828449,1.853994774,1.812264797,-0.013820621,0.01465475,0.670565711,0.619041043,1.498472772,1.409630479,0.025364073,-0.025223134
8.183568465,0.886291404,0.864628742,1.841778417,1.801339623,-0.013741868,0.014584516,0.667015963,0.613115527,1.465876103,1.371597442,0.024641932,-0.024395768
8.229543568,0.874056393,0.853014663,1.833616737,1.795563872,-0.013483092,0.014323848,0.666684161,0.611284838,1.440425537,1.342576902,0.023714488,-0.023361109
8.275518672,0.863797677,0.843901003,1.830377895,1.795815109,-0.01302016,0.013846342,0.669701224,0.613673924,1.423243488,1.323844775,0.022612677,-0.0221568
8.321493776,0.855847182,0.837640232,1.832654131,1.802697819,-0.012334431,0.013131782,0.676171905,0.620390473,1.415485792,1.31674838,0.021368664,-0.020822103
8.36746888,0.850025371,0.834027907,1.839857707,1.815540913,-0.011430299,0.01218563,0.687108209,0.632477998,1.417863946,1.32218491,0.019980803,-0.019352617
8.413443983,0.846029773,0.832721959,1.851135587,1.833383912,-0.010317331,0.011019303,0.702862877,0.65019681,1.429508944,1.339126613,0.018456913,-0.017750689
8.459419087,0.843556063,0.833372917,1.865652511,1.855280787,-0.009004696,0.00964394,0.72260409,0.672580949,1.449305795,1.366198458,0.016840876,-0.016061845
8.505394191,0.842287681,0.835609727,1.882569364,1.880269936,-0.007501512,0.008070727,0.745557398,0.698757275,1.476175328,1.402088553,0.015173561,-0.014327281
8.551369295,0.841887622,0.839027428,1.901025367,1.907346724,-0.00581711,0.006311118,0.770997942,0.727929167,1.509039749,1.445502115,0.01349321,-0.012584579
8.597344398,0.84199215,0.843176217,1.92,1.92,-0.003961215,0.004376977,0.798238545,0.759353535,1.546793464,1.495120333,0.011836015,-0.01086866
8.643319502,0.842206557,0.847552121,1.92,1.92,-0.001944032,0.002280636,0.826613662,0.792311611,1.588275811,1.549558056,0.010236781,-0.009212801
8.689294606,0.842103543,0.851590404,1.92,1.92,0.000223731,3.49E-05,0.855459968,0.826074566,1.632243638,1.60731586,0.008729586,-0.007649575
8.73526971,0.841225041,0.854663897,1.92,1.92,0.002530918,-0.002347149,0.884094908,0.859865046,1.677343091,1.666723858,0.007348404,-0.006211666
8.781244813,0.839148082,0.856185197,1.92,1.92,0.004961116,-0.00484724,0.911795006,0.892816071,1.722081874,1.725877373,0.006127671,-0.004932539
8.827219917,0.835680806,0.855927059,1.92,1.92,0.007478107,-0.007428012,0.937818992,0.923985314,1.764939552,1.782730177,0.005095152,-0.00383972
8.873195021,0.830309545,0.85199778,1.92,1.92,0.010010795,-0.010019918,0.961533873,0.952509118,1.804782771,1.835568655,0.004249385,-0.002933195
8.919170124,0.822621608,0.842818032,1.92,1.92,0.012489974,-0.012554801,0.982303649,0.977460945,1.84051356,1.882592474,0.003582665,-0.002207306
8.965145228,0.812772756,0.829024439,1.92,1.92,0.014876882,-0.014992225,0.999453155,0.997805918,1.870960814,1.92,0.003088842,-0.001658302
9.011120332,0.801045705,0.811504017,1.92,1.92,0.017132097,-0.017291008,1.012279369,1.012430424,1.89491657,1.92,0.002763526,-0.001284712
9.057095436,0.78779494,0.791233556,1.906869558,1.92,0.019215545,-0.019409229,1.020071432,1.020204823,1.911192419,1.92,0.002604361,-0.001087839
9.103070539,0.773398953,0.769158776,1.867901253,1.875873174,0.021086503,-0.021304229,1.022138188,1.02007658,1.918694221,1.92,0.00261138,-0.001072423
9.149045643,0.758224443,0.746125328,1.82431511,1.816553595,0.022703599,-0.022932616,1.020854986,1.023126384,1.92,1.92,-0.010511265,0.011121563
9.195020747,0.742602822,0.722851752,1.777164783,1.754070641,0.024024821,-0.024250285,1.012909299,1.010074438,1.92,1.92,-0.010959763,0.011591221
9.240995851,0.726919736,0.700012492,1.727571058,1.690088036,0.025016487,-0.025221729,1.002868786,0.995486325,1.92,1.92,-0.011415687,0.012070404
9.286970954,0.711892999,0.678478328,1.677211814,1.626549704,0.025680873,-0.025848693,0.990731017,0.979462939,1.92,1.92,-0.011893046,0.012574052
9.332946058,0.698221647,0.659039294,1.627730216,1.565245066,0.026030917,-0.026144204,0.976921082,0.96243268,1.92,1.914410353,-0.012371436,0.013080993
9.378921162,0.686483636,0.642335471,1.580584929,1.507736302,0.026082005,-0.026124355,0.961955628,0.944880774,1.92,1.890567466,-0.01282259,0.013561634
9.424896266,0.677144393,0.628873849,1.53709343,1.45542901,0.02585249,-0.025809144,0.946328419,0.927263829,1.906243805,1.867516207,-0.013219144,0.013987129
9.470871369,0.670565711,0.619041043,1.498472772,1.409630479,0.025364073,-0.025223134,0.930508404,0.910014962,1.887125049,1.846196754,-0.013534631,0.014329359
9.516846473,0.667015963,0.613115527,1.465876103,1.371597442,0.024641932,-0.024395768,0.914942605,0.893551537,1.869403434,1.827495856,-0.013743423,0.014560865
9.562821577,0.666684161,0.611284838,1.440425537,1.342576902,0.023714488,-0.023361109,0.900062301,0.87828449,1.853994774,1.812264797,-0.013820621,0.01465475
9.60879668,0.669701224,0.613673924,1.423243488,1.323844775,0.022612677,-0.0221568,0.886291404,0.864628742,1.841778417,1.801339623,-0.013741868,0.014584516
9.654771784,0.676171905,0.620390473,1.415485792,1.31674838,0.021368664,-0.020822103,0.874056393,0.853014663,1.833616737,1.795563872,-0.013483092,0.014323848
9.700746888,0.687108209,0.632477998,1.417863946,1.32218491,0.019980803,-0.019352617,0.863797677,0.843901003,1.830377895,1.795815109,-0.01302016,0.013846342
9.746721992,0.702862877,0.65019681,1.429508944,1.339126613,0.018456913,-0.017750689,0.855847182,0.837640232,1.832654131,1.802697819,-0.012334431,0.013131782
9.792697095,0.72260409,0.672580949,1.449305795,1.366198458,0.016840876,-0.016061845,0.850025371,0.834027907,1.839857707,1.815540913,-0.011430299,0.01218563
9.838672199,0.745557398,0.698757275,1.476175328,1.402088553,0.015173561,-0.014327281,0.846029773,0.832721959,1.851135587,1.833383912,-0.010317331,0.011019303
9.884647303,0.770997942,0.727929167,1.509039749,1.445502115,0.01349321,-0.012584579,0.843556063,0.833372917,1.865652511,1.855280787,-0.009004696,0.00964394
9.930622407,0.798238545,0.759353535,1.546793464,1.495120333,0.011836015,-0.01086866,0.842287681,0.835609727,1.882569364,1.880269936,-0.007501512,0.008070727
9.97659751,0.826613662,0.792311611,1.588275811,1.549558056,0.010236781,-0.009212801,0.841887622,0.839027428,1.901025367,1.907346724,-0.00581711,0.006311118
10.02257261,0.855459968,0.826074566,1.632243638,1.60731586,0.008729586,-0.007649575,0.84199215,0.843176217,1.92,1.92,-0.003961215,0.004376977
10.06854772,0.884094908,0.859865046,1.677343091,1.666723858,0.007348404,-0.006211666,0.842206557,0.847552121,1.92,1.92,-0.001944032,0.002280636
10.11452282,0.911795006,0.892816071,1.722081874,1.725877373,0.006127671,-0.004932539,0.842103543,0.851590404,1.92,1.92,0.000223731,3.49E-05
10.16049793,0.937818992,0.923985314,1.764939552,1.782730177,0.005095152,-0.00383972,0.841225041,0.854663897,1.92,1.92,0.002530918,-0.002347149
10.20647303,0.961533873,0.952509118,1.804782771,1.835568655,0.004249385,-0.002933195,0.839148082,0.856185197,1.92,1.92,0.004961116,-0.00484724
10.25244813,0.982303649,0.977460945,1.84051356,1.882592474,0.003582665,-0.002207306,0.835680806,0.855927059,1.92,1.92,0.007478107,-0.007428012
10.29842324,0.999453155,0.997805918,1.870960814,1.92,0.003088842,-0.001658302,0.830309545,0.85199778,1.92,1.92,0.010010795,-0.010019918
10.34439834,1.012279369,1.012430424,1.89491657,1.92,0.002763526,-0.001284712,0.822621608,0.842818032,1.92,1.92,0.012489974,-0.012554801
10.39037344,1.020071432,1.020204823,1.911192419,1.92,0.002604361,-0.001087839,0.812772756,0.829024439,1.92,1.92,0.014876882,-0.014992225
10.43634855,1.022138188,1.02007658,1.918694221,1.92,0.00261138,-0.001072423,0.801045705,0.811504017,1.92,1.92,0.017132097,-0.017291008
10.48232365,1.020854986,1.023126384,1.92,1.92,-0.010511265,0.011121563,0.78779494,0.791233556,1.906869558,1.92,0.019215545,-0.019409229
10.52829876,1.012909299,1.010074438,1.92,1.92,-0.010959763,0.011591221,0.773398953,0.769158776,1.867901253,1.875873174,0.021086503,-0.021304229
10.57427386,1.002868786,0.995486325,1.92,1.92,-0.011415687,0.012070404,0.758224443,0.746125328,1.82431511,1.816553595,0.022703599,-0.022932616
10.62024896,0.990731017,0.979462939,1.92,1.92,-0.011893046,0.012574052,0.742602822,0.722851752,1.777164783,1.754070641,0.024024821,-0.024250285
10.66622407,0.976921082,0.96243268,1.92,1.914410353,-0.012371436,0.013080993,0.726919736,0.700012492,1.727571058,1.690088036,0.025016487,-0.025221729
10.71219917,0.961955628,0.944880774,1.92,1.890567466,-0.01282259,0.013561634,0.711892999,0.678478328,1.677211814,1.626549704,0.025680873,-0.025848693
10.75817427,0.946328419,0.927263829,1.906243805,1.867516207,-0.013219144,0.013987129,0.698221647,0.659039294,1.627730216,1.565245066,0.026030917,-0.026144204
10.80414938,0.930508404,0.910014962,1.887125049,1.846196754,-0.013534631,0.014329359,0.686483636,0.642335471,1.580584929,1.507736302,0.026082005,-0.026124355
10.85012448,0.914942605,0.893551537,1.869403434,1.827495856,-0.013743423,0.014560865,0.677144393,0.628873849,1.53709343,1.45542901,0.02585249,-0.025809144
10.89609959,0.900062301,0.87828449,1.853994774,1.812264797,-0.013820621,0.01465475,0.670565711,0.619041043,1.498472772,1.409630479,0.025364073,-0.025223134
10.94207469,0.886291404,0.864628742,1.841778417,1.801339623,-0.013741868,0.014584516,0.667015963,0.613115527,1.465876103,1.371597442,0.024641932,-0.024395768
10.98804979,0.874056393,0.853014663,1.833616737,1.795563872,-0.013483092,0.014323848,0.666684161,0.611284838,1.440425537,1.342576902,0.023714488,-0.023361109
11.0340249,0.863797677,0.843901003,1.830377895,1.795815109,-0.01302016,0.013846342,0.669701224,0.613673924,1.423243488,1.323844775,0.022612677,-0.0221568
11.08,0.855847182,0.837640232,1.832654131,1.802697819,-0.012334431,0.013131782,0.676171905,0.620390473,1.415485792,1.31674838,0.021368664,-0.020822103
11.1259751,0.850025371,0.834027907,1.839857707,1.815540913,-0.011430299,0.01218563,0.687108209,0.632477998,1.417863946,1.32218491,0.019980803,-0.019352617
11.17195021,0.846029773,0.832721959,1.851135587,1.833383912,-0.010317331,0.011019303,0.702862877,0.65019681,1.429508944,1.339126613,0.018456913,-0.017750689
11.21792531,0.843556063,0.833372917,1.865652511,1.855280787,-0.009004696,0.00964394,0.72260409,0.672580949,1.449305795,1.366198458,0.016840876,-0.016061845
11.26390041,0.842287681,0.835609727,1.882569364,1.880269936,-0.007501512,0.008070727,0.745557398,0.698757275,1.476175328,1.402088553,0.015173561,-0.014327281
11.30987552,0.841887622,0.839027428,1.901025367,1.907346724,-0.00581711,0.006311118,0.770997942,0.727929167,1.509039749,1.445502115,0.01349321,-0.012584579
11.35585062,0.84199215,0.843176217,1.92,1.92,-0.003961215,0.004376977,0.798238545,0.759353535,1.546793464,1.495120333,0.011836015,-0.01086866
11.40182573,0.842206557,0.847552121,1.92,1.92,-0.001944032,0.002280636,0.826613662,0.792311611,1.588275811,1.549558056,0.010236781,-0.009212801
11.44780083,0.842103543,0.851590404,1.92,1.92,0.000223731,3.49E-05,0.855459968,0.826074566,1.632243638,1.60731586,0.008729586,-0.007649575
11.49377593,0.841225041,0.854663897,1.92,1.92,0.002530918,-0.002347149,0.884094908,0.859865046,1.677343091,1.666723858,0.007348404,-0.006211666
11.53975104,0.839148082,0.856185197,1.92,1.92,0.004961116,-0.00484724,0.911795006,0.892816071,1.722081874,1.725877373,0.006127671,-0.004932539
11.58572614,0.835680806,0.855927059,1.92,1.92,0.007478107,-0.007428012,0.937818992,0.923985314,1.764939552,1.782730177,0.005095152,-0.00383972
11.63170124,0.830309545,0.85199778,1.92,1.92,0.010010795,-0.010019918,0.961533873,0.952509118,1.804782771,1.835568655,0.004249385,-0.002933195
11.67767635,0.822621608,0.842818032,1.92,1.92,0.012489974,-0.012554801,0.982303649,0.977460945,1.84051356,1.882592474,0.003582665,-0.002207306
11.72365145,0.812772756,0.829024439,1.92,1.92,0.014876882,-0.014992225,0.999453155,0.997805918,1.870960814,1.92,0.003088842,-0.001658302
11.76962656,0.801045705,0.811504017,1.92,1.92,0.017132097,-0.017291008,1.012279369,1.012430424,1.89491657,1.92,0.002763526,-0.001284712
11.81560166,0.78779494,0.791233556,1.906869558,1.92,0.019215545,-0.019409229,1.020071432,1.020204823,1.911192419,1.92,0.002604361,-0.001087839
11.86157676,0.773398953,0.769158776,1.867901253,1.875873174,0.021086503,-0.021304229,1.022138188,1.02007658,1.918694221,1.92,0.00261138,-0.001072423
11.90755187,0.758224443,0.746125328,1.82431511,1.816553595,0.022703599,-0.022932616,1.020854986,1.023126384,1.92,1.92,-0.010511265,0.011121563
11.95352697,0.742602822,0.722851752,1.777164783,1.754070641,0.024024821,-0.024250285,1.012909299,1.010074438,1.92,1.92,-0.010959763,0.011591221
11.99950207,0.726919736,0.700012492,1.727571058,1.690088036,0.025016487,-0.025221729,1.002868786,0.995486325,1.92,1.92,-0.011415687,0.012070404
12.04547718,0.711892999,0.678478328,1.677211814,1.626549704,0.025680873,-0.025848693,0.990731017,0.979462939,1.92,1.92,-0.011893046,0.012574052
12.09145228,0.698221647,0.659039294,1.627730216,1.565245066,0.026030917,-0.026144204,0.976921082,0.96243268,1.92,1.914410353,-0.012371436,0.013080993
12.13742739,0.686483636,0.642335471,1.580584929,1.507736302,0.026082005,-0.026124355,0.961955628,0.944880774,1.92,1.890567466,-0.01282259,0.013561634
12.18340249,0.677144393,0.628873849,1.53709343,1.45542901,0.02585249,-0.025809144,0.946328419,0.927263829,1.906243805,1.867516207,-0.013219144,0.013987129
12.22937759,0.670565711,0.619041043,1.498472772,1.409630479,0.025364073,-0.025223134,0.930508404,0.910014962,1.887125049,1.846196754,-0.013534631,0.014329359
12.2753527,0.667015963,0.613115527,1.465876103,1.371597442,0.024641932,-0.024395768,0.914942605,0.893551537,1.869403434,1.827495856,-0.013743423,0.014560865
12.3213278,0.666684161,0.611284838,1.440425537,1.342576902,0.023714488,-0.023361109,0.900062301,0.87828449,1.853994774,1.812264797,-0.013820621,0.01465475
12.3673029,0.669701224,0.613673924,1.423243488,1.323844775,0.022612677,-0.0221568,0.886291404,0.864628742,1.841778417,1.801339623,-0.013741868,0.014584516
12.41327801,0.676171905,0.620390473,1.415485792,1.31674838,0.021368664,-0.020822103,0.874056393,0.853014663,1.833616737,1.795563872,-0.013483092,0.014323848
12.45925311,0.687108209,0.632477998,1.417863946,1.32218491,0.019980803,-0.019352617,0.863797677,0.843901003,1.830377895,1.795815109,-0.01302016,0.013846342
12.50522822,0.702862877,0.65019681,1.429508944,1.339126613,0.018456913,-0.017750689,0.855847182,0.837640232,1.832654131,1.802697819,-0.012334431,0.013131782
12.55120332,0.72260409,0.672580949,1.449305795,1.366198458,0.016840876,-0.016061845,0.850025371,0.834027907,1.839857707,1.815540913,-0.011430299,0.01218563
12.59717842,0.745557398,0.698757275,1.476175328,1.402088553,0.015173561,-0.014327281,0.846029773,0.832721959,1.851135587,1.833383912,-0.010317331,0.011019303
12.64315353,0.770997942,0.727929167,1.509039749,1.445502115,0.01349321,-0.012584579,0.843556063,0.833372917,1.865652511,1.855280787,-0.009004696,0.00964394
12.68912863,0.798238545,0.759353535,1.546793464,1.495120333,0.011836015,-0.01086866,0.842287681,0.835609727,1.882569364,1.880269936,-0.007501512,0.008070727
12.73510373,0.826613662,0.792311611,1.588275811,1.549558056,0.010236781,-0.009212801,0.841887622,0.839027428,1.901025367,1.907346724,-0.00581711,0.006311118
12.78107884,0.855459968,0.826074566,1.632243638,1.60731586,0.008729586,-0.007649575,0.84199215,0.843176217,1.92,1.92,-0.003961215,0.004376977
12.82705394,0.884094908,0.859865046,1.677343091,1.666723858,0.007348404,-0.006211666,0.842206557,0.847552121,1.92,1.92,-0.001944032,0.002280636
12.87302905,0.911795006,0.892816071,1.722081874,1.725877373,0.006127671,-0.004932539,0.842103543,0.851590404,1.92,1.92,0.000223731,3.49E-05
12.91900415,0.937818992,0.923985314,1.764939552,1.782730177,0.005095152,-0.00383972,0.841225041,0.854663897,1.92,1.92,0.002530918,-0.002347149
12.96497925,0.961533873,0.952509118,1.804782771,1.835568655,0.004249385,-0.002933195,0.839148082,0.856185197,1.92,1.92,0.004961116,-0.00484724
13.01095436,0.982303649,0.977460945,1.84051356,1.882592474,0.003582665,-0.002207306,0.835680806,0.855927059,1.92,1.92,0.007478107,-0.007428012
13.05692946,0.999453155,0.997805918,1.870960814,1.92,0.003088842,-0.001658302,0.830309545,0.85199778,1.92,1.92,0.010010795,-0.010019918
13.10290456,1.012279369,1.012430424,1.89491657,1.92,0.002763526,-0.001284712,0.822621608,0.842818032,1.92,1.92,0.012489974,-0.012554801
13.14887967,1.020071432,1.020204823,1.911192419,1.92,0.002604361,-0.001087839,0.812772756,0.829024439,1.92,1.92,0.014876882,-0.014992225
13.19485477,1.022138188,1.02007658,1.918694221,1.92,0.00261138,-0.001072423,0.801045705,0.811504017,1.92,1.92,0.017132097,-0.017291008
13.24082988,1.020854986,1.023126384,1.92,1.92,-0.010511265,0.011121563,0.78779494,0.791233556,1.906869558,1.92,0.019215545,-0.019409229
13.28680498,1.012909299,1.010074438,1.92,1.92,-0.010959763,0.011591221,0.773398953,0.769158776,1.867901253,1.875873174,0.021086503,-0.021304229
13.33278008,1.002868786,0.995486325,1.92,1.92,-0.011415687,0.012070404,0.758224443,0.746125328,1.82431511,1.816553595,0.022703599,-0.022932616
13.37875519,0.990731017,0.979462939,1.92,1.92,-0.011893046,0.012574052,0.742602822,0.722851752,1.777164783,1.754070641,0.024024821,-0.024250285
13.42473029,0.976921082,0.96243268,1.92,1.914410353,-0.012371436,0.013080993,0.726919736,0.700012492,1.727571058,1.690088036,0.025016487,-0.025221729
13.47070539,0.961955628,0.944880774,1.92,1.890567466,-0.01282259,0.013561634,0.711892999,0.678478328,1.677211814,1.626549704,0.025680873,-0.025848693
13.5166805,0.946328419,0.927263829,1.906243805,1.867516207,-0.013219144,0.013987129,0.698221647,0.659039294,1.627730216,1.565245066,0.026030917,-0.026144204
13.5626556,0.930508404,0.910014962,1.887125049,1.846196754,-0.013534631,0.014329359,0.686483636,0.642335471,1.580584929,1.507736302,0.026082005,-0.026124355
13.60863071,0.914942605,0.893551537,1.869403434,1.827495856,-0.013743423,0.014560865,0.677144393,0.628873849,1.53709343,1.45542901,0.02585249,-0.025809144
13.65460581,0.900062301,0.87828449,1.853994774,1.812264797,-0.013820621,0.01465475,0.670565711,0.619041043,1.498472772,1.409630479,0.025364073,-0.025223134
13.70058091,0.886291404,0.864628742,1.841778417,1.801339623,-0.013741868,0.014584516,0.667015963,0.613115527,1.465876103,1.371597442,0.024641932,-0.024395768
13.74655602,0.874056393,0.853014663,1.833616737,1.795563872,-0.013483092,0.014323848,0.666684161,0.611284838,1.440425537,1.342576902,0.023714488,-0.023361109
13.79253112,0.863797677,0.843901003,1.830377895,1.795815109,-0.01302016,0.013846342,0.669701224,0.613673924,1.423243488,1.323844775,0.022612677,-0.0221568
13.83850622,0.855847182,0.837640232,1.832654131,1.802697819,-0.012334431,0.013131782,0.676171905,0.620390473,1.415485792,1.31674838,0.021368664,-0.020822103
13.88448133,0.850025371,0.834027907,1.839857707,1.815540913,-0.011430299,0.01218563,0.687108209,0.632477998,1.417863946,1.32218491,0.019980803,-0.019352617
13.93045643,0.846029773,0.832721959,1.851135587,1.833383912,-0.010317331,0.011019303,0.702862877,0.65019681,1.429508944,1.339126613,0.018456913,-0.017750689
13.97643154,0.843556063,0.833372917,1.865652511,1.855280787,-0.009004696,0.00964394,0.72260409,0.672580949,1.449305795,1.366198458,0.016840876,-0.016061845
14.02240664,0.842287681,0.835609727,1.882569364,1.880269936,-0.007501512,0.008070727,0.745557398,0.698757275,1.476175328,1.402088553,0.015173561,-0.014327281
14.06838174,0.841887622,0.839027428,1.901025367,1.907346724,-0.00581711,0.006311118,0.770997942,0.727929167,1.509039749,1.445502115,0.01349321,-0.012584579
14.11435685,0.84199215,0.843176217,1.92,1.92,-0.003961215,0.004376977,0.798238545,0.759353535,1.546793464,1.495120333,0.011836015,-0.01086866
14.16033195,0.842206557,0.847552121,1.92,1.92,-0.001944032,0.002280636,0.826613662,0.792311611,1.588275811,1.549558056,0.010236781,-0.009212801
14.20630705,0.842103543,0.851590404,1.92,1.92,0.000223731,3.49E-05,0.855459968,0.826074566,1.632243638,1.60731586,0.008729586,-0.007649575
14.25228216,0.841225041,0.854663897,1.92,1.92,0.002530918,-0.002347149,0.884094908,0.859865046,1.677343091,1.666723858,0.007348404,-0.006211666
14.29825726,0.839148082,0.856185197,1.92,1.92,0.004961116,-0.00484724,0.911795006,0.892816071,1.722081874,1.725877373,0.006127671,-0.004932539
14.34423237,0.835680806,0.855927059,1.92,1.92,0.007478107,-0.007428012,0.937818992,0.923985314,1.764939552,1.782730177,0.005095152,-0.00383972
14.39020747,0.830309545,0.85199778,1.92,1.92,0.010010795,-0.010019918,0.961533873,0.952509118,1.804782771,1.835568655,0.004249385,-0.002933195
14.43618257,0.822621608,0.842818032,1.92,1.92,0.012489974,-0.012554801,0.982303649,0.977460945,1.84051356,1.882592474,0.003582665,-0.002207306
14.48215768,0.812772756,0.829024439,1.92,1.92,0.014876882,-0.014992225,0.999453155,0.997805918,1.870960814,1.92,0.003088842,-0.001658302
14.52813278,0.801045705,0.811504017,1.92,1.92,0.017132097,-0.017291008,1.012279369,1.012430424,1.89491657,1.92,0.002763526,-0.001284712
14.57410788,0.78779494,0.791233556,1.906869558,1.92,0.019215545,-0.019409229,1.020071432,1.020204823,1.911192419,1.92,0.002604361,-0.001087839
14.62008299,0.773398953,0.769158776,1.867901253,1.875873174,0.021086503,-0.021304229,1.022138188,1.02007658,1.918694221,1.92,0.00261138,-0.001072423
14.66605809,0.758224443,0.746125328,1.82431511,1.816553595,0.022703599,-0.022932616,1.020854986,1.023126384,1.92,1.92,-0.010511265,0.011121563
14.7120332,0.742602822,0.722851752,1.777164783,1.754070641,0.024024821,-0.024250285,1.012909299,1.010074438,1.92,1.92,-0.010959763,0.011591221
14.7580083,0.726919736,0.700012492,1.727571058,1.690088036,0.025016487,-0.025221729,1.002868786,0.995486325,1.92,1.92,-0.011415687,0.012070404
14.8039834,0.711892999,0.678478328,1.677211814,1.626549704,0.025680873,-0.025848693,0.990731017,0.979462939,1.92,1.92,-0.011893046,0.012574052
14.84995851,0.698221647,0.659039294,1.627730216,1.565245066,0.026030917,-0.026144204,0.976921082,0.96243268,1.92,1.914410353,-0.012371436,0.013080993
14.89593361,0.686483636,0.642335471,1.580584929,1.507736302,0.026082005,-0.026124355,0.961955628,0.944880774,1.92,1.890567466,-0.01282259,0.013561634
14.94190871,0.677144393,0.628873849,1.53709343,1.45542901,0.02585249,-0.025809144,0.946328419,0.927263829,1.906243805,1.867516207,-0.013219144,0.013987129
14.98788382,0.670565711,0.619041043,1.498472772,1.409630479,0.025364073,-0.025223134,0.930508404,0.910014962,1.887125049,1.846196754,-0.013534631,0.014329359
15.03385892,0.667015963,0.613115527,1.465876103,1.371597442,0.024641932,-0.024395768,0.914942605,0.893551537,1.869403434,1.827495856,-0.013743423,0.014560865
15.07983402,0.666684161,0.611284838,1.440425537,1.342576902,0.023714488,-0.023361109,0.900062301,0.87828449,1.853994774,1.812264797,-0.013820621,0.01465475
15.12580913,0.669701224,0.613673924,1.423243488,1.323844775,0.022612677,-0.0221568,0.886291404,0.864628742,1.841778417,1.801339623,-0.013741868,0.014584516
15.17178423,0.676171905,0.620390473,1.415485792,1.31674838,0.021368664,-0.020822103,0.874056393,0.853014663,1.833616737,1.795563872,-0.013483092,0.014323848
15.21775934,0.687108209,0.632477998,1.417863946,1.32218491,0.019980803,-0.019352617,0.863797677,0.843901003,1.830377895,1.795815109,-0.01302016,0.013846342
15.26373444,0.702862877,0.65019681,1.429508944,1.339126613,0.018456913,-0.017750689,0.855847182,0.837640232,1.832654131,1.802697819,-0.012334431,0.013131782
15.30970954,0.72260409,0.672580949,1.449305795,1.366198458,0.016840876,-0.016061845,0.850025371,0.834027907,1.839857707,1.815540913,-0.011430299,0.01218563
15.35568465,0.745557398,0.698757275,1.476175328,1.402088553,0.015173561,-0.014327281,0.846029773,0.832721959,1.851135587,1.833383912,-0.010317331,0.011019303
15.40165975,0.770997942,0.727929167,1.509039749,1.445502115,0.01349321,-0.012584579,0.843556063,0.833372917,1.865652511,1.855280787,-0.009004696,0.00964394
15.44763485,0.798238545,0.759353535,1.546793464,1.495120333,0.011836015,-0.01086866,0.842287681,0.835609727,1.882569364,1.880269936,-0.007501512,0.008070727
15.49360996,0.826613662,0.792311611,1.588275811,1.549558056,0.010236781,-0.009212801,0.841887622,0.839027428,1.901025367,1.907346724,-0.00581711,0.006311118
15.53958506,0.855459968,0.826074566,1.632243638,1.60731586,0.008729586,-0.007649575,0.84199215,0.843176217,1.92,1.92,-0.003961215,0.004376977
15.58556017,0.884094908,0.859865046,1.677343091,1.666723858,0.007348404,-0.006211666,0.842206557,0.847552121,1.92,1.92,-0.001944032,0.002280636
15.63153527,0.911795006,0.892816071,1.722081874,1.725877373,0.006127671,-0.004932539,0.842103543,0.851590404,1.92,1.92,0.000223731,3.49E-05
15.67751037,0.937818992,0.923985314,1.764939552,1.782730177,0.005095152,-0.00383972,0.841225041,0.854663897,1.92,1.92,0.002530918,-0.002347149
15.72348548,0.961533873,0.952509118,1.804782771,1.835568655,0.004249385,-0.002933195,0.839148082,0.856185197,1.92,1.92,0.004961116,-0.00484724
15.76946058,0.982303649,0.977460945,1.84051356,1.882592474,0.003582665,-0.002207306,0.835680806,0.855927059,1.92,1.92,0.007478107,-0.007428012
15.81543568,0.999453155,0.997805918,1.870960814,1.92,0.003088842,-0.001658302,0.830309545,0.85199778,1.92,1.92,0.010010795,-0.010019918
15.86141079,1.012279369,1.012430424,1.89491657,1.92,0.002763526,-0.001284712,0.822621608,0.842818032,1.92,1.92,0.012489974,-0.012554801
15.90738589,1.020071432,1.020204823,1.911192419,1.92,0.002604361,-0.001087839,0.812772756,0.829024439,1.92,1.92,0.014876882,-0.014992225
15.953361,1.022138188,1.02007658,1.918694221,1.92,0.00261138,-0.001072423,0.801045705,0.811504017,1.92,1.92,0.017132097,-0.017291008
15.9993361,1.020854986,1.023126384,1.92,1.92,-0.010511265,0.011121563,0.78779494,0.791233556,1.906869558,1.92,0.019215545,-0.019409229
16.0453112,1.012909299,1.010074438,1.92,1.92,-0.010959763,0.011591221,0.773398953,0.769158776,1.867901253,1.875873174,0.021086503,-0.021304229
16.09128631,1.002868786,0.995486325,1.92,1.92,-0.011415687,0.012070404,0.758224443,0.746125328,1.82431511,1.816553595,0.022703599,-0.022932616
16.13726141,0.990731017,0.979462939,1.92,1.92,-0.011893046,0.012574052,0.742602822,0.722851752,1.777164783,1.754070641,0.024024821,-0.024250285
16.18323651,0.976921082,0.96243268,1.92,1.914410353,-0.012371436,0.013080993,0.726919736,0.700012492,1.727571058,1.690088036,0.025016487,-0.025221729
16.22921162,0.961955628,0.944880774,1.92,1.890567466,-0.01282259,0.013561634,0.711892999,0.678478328,1.677211814,1.626549704,0.025680873,-0.025848693
16.27518672,0.946328419,0.927263829,1.906243805,1.867516207,-0.013219144,0.013987129,0.698221647,0.659039294,1.627730216,1.565245066,0.026030917,-0.026144204
16.32116183,0.930508404,0.910014962,1.887125049,1.846196754,-0.013534631,0.014329359,0.686483636,0.642335471,1.580584929,1.507736302,0.026082005,-0.026124355
16.36713693,0.914942605,0.893551537,1.869403434,1.827495856,-0.013743423,0.014560865,0.677144393,0.628873849,1.53709343,1.45542901,0.02585249,-0.025809144
16.41311203,0.900062301,0.87828449,1.853994774,1.812264797,-0.013820621,0.01465475,0.670565711,0.619041043,1.498472772,1.409630479,0.025364073,-0.025223134
16.45908714,0.886291404,0.864628742,1.841778417,1.801339623,-0.013741868,0.014584516,0.667015963,0.613115527,1.465876103,1.371597442,0.024641932,-0.024395768
16.50506224,0.874056393,0.853014663,1.833616737,1.795563872,-0.013483092,0.014323848,0.666684161,0.611284838,1.440425537,1.342576902,0.023714488,-0.023361109
16.55103734,0.863797677,0.843901003,1.830377895,1.795815109,-0.01302016,0.013846342,0.669701224,0.613673924,1.423243488,1.323844775,0.022612677,-0.0221568
16.59701245,0.855847182,0.837640232,1.832654131,1.802697819,-0.012334431,0.013131782,0.676171905,0.620390473,1.415485792,1.31674838,0.021368664,-0.020822103
16.64298755,0.850025371,0.834027907,1.839857707,1.815540913,-0.011430299,0.01218563,0.687108209,0.632477998,1.417863946,1.32218491,0.019980803,-0.019352617
16.68896266,0.846029773,0.832721959,1.851135587,1.833383912,-0.010317331,0.011019303,0.702862877,0.65019681,1.429508944,1.339126613,0.018456913,-0.017750689
16.73493776,0.843556063,0.833372917,1.865652511,1.855280787,-0.009004696,0.00964394,0.72260409,0.672580949,1.449305795,1.366198458,0.016840876,-0.016061845
16.78091286,0.842287681,0.835609727,1.882569364,1.880269936,-0.007501512,0.008070727,0.745557398,0.698757275,1.476175328,1.402088553,0.015173561,-0.014327281
16.82688797,0.841887622,0.839027428,1.901025367,1.907346724,-0.00581711,0.006311118,0.770997942,0.727929167,1.509039749,1.445502115,0.01349321,-0.012584579
16.87286307,0.84199215,0.843176217,1.92,1.92,-0.003961215,0.004376977,0.798238545,0.759353535,1.546793464,1.495120333,0.011836015,-0.01086866
16.91883817,0.842206557,0.847552121,1.92,1.92,-0.001944032,0.002280636,0.826613662,0.792311611,1.588275811,1.549558056,0.010236781,-0.009212801
16.96481328,0.842103543,0.851590404,1.92,1.92,0.000223731,3.49E-05,0.855459968,0.826074566,1.632243638,1.60731586,0.008729586,-0.007649575
17.01078838,0.841225041,0.854663897,1.92,1.92,0.002530918,-0.002347149,0.884094908,0.859865046,1.677343091,1.666723858,0.007348404,-0.006211666
17.05676349,0.839148082,0.856185197,1.92,1.92,0.004961116,-0.00484724,0.911795006,0.892816071,1.722081874,1.725877373,0.006127671,-0.004932539
17.10273859,0.835680806,0.855927059,1.92,1.92,0.007478107,-0.007428012,0.937818992,0.923985314,1.764939552,1.782730177,0.005095152,-0.00383972
17.14871369,0.830309545,0.85199778,1.92,1.92,0.010010795,-0.010019918,0.961533873,0.952509118,1.804782771,1.835568655,0.004249385,-0.002933195
17.1946888,0.822621608,0.842818032,1.92,1.92,0.012489974,-0.012554801,0.982303649,0.977460945,1.84051356,1.882592474,0.003582665,-0.002207306
17.2406639,0.812772756,0.829024439,1.92,1.92,0.014876882,-0.014992225,0.999453155,0.997805918,1.870960814,1.92,0.003088842,-0.001658302
17.286639,0.801045705,0.811504017,1.92,1.92,0.017132097,-0.017291008,1.012279369,1.012430424,1.89491657,1.92,0.002763526,-0.001284712
17.33261411,0.78779494,0.791233556,1.906869558,1.92,0.019215545,-0.019409229,1.020071432,1.020204823,1.911192419,1.92,0.002604361,-0.001087839
17.37858921,0.773398953,0.769158776,1.867901253,1.875873174,0.021086503,-0.021304229,1.022138188,1.02007658,1.918694221,1.92,0.00261138,-0.001072423
17.42456432,0.758224443,0.746125328,1.82431511,1.816553595,0.022703599,-0.022932616,1.020854986,1.023126384,1.92,1.92,-0.010511265,0.011121563
17.47053942,0.742602822,0.722851752,1.777164783,1.754070641,0.024024821,-0.024250285,1.012909299,1.010074438,1.92,1.92,-0.010959763,0.011591221
17.51651452,0.726919736,0.700012492,1.727571058,1.690088036,0.025016487,-0.025221729,1.002868786,0.995486325,1.92,1.92,-0.011415687,0.012070404
17.56248963,0.711892999,0.678478328,1.677211814,1.626549704,0.025680873,-0.025848693,0.990731017,0.979462939,1.92,1.92,-0.011893046,0.012574052
17.60846473,0.698221647,0.659039294,1.627730216,1.565245066,0.026030917,-0.026144204,0.976921082,0.96243268,1.92,1.914410353,-0.012371436,0.013080993
17.65443983,0.686483636,0.642335471,1.580584929,1.507736302,0.026082005,-0.026124355,0.961955628,0.944880774,1.92,1.890567466,-0.01282259,0.013561634
17.70041494,0.677144393,0.628873849,1.53709343,1.45542901,0.02585249,-0.025809144,0.946328419,0.927263829,1.906243805,1.867516207,-0.013219144,0.013987129
17.74639004,0.670565711,0.619041043,1.498472772,1.409630479,0.025364073,-0.025223134,0.930508404,0.910014962,1.887125049,1.846196754,-0.013534631,0.014329359
17.79236515,0.667015963,0.613115527,1.465876103,1.371597442,0.024641932,-0.024395768,0.914942605,0.893551537,1.869403434,1.827495856,-0.013743423,0.014560865
17.83834025,0.666684161,0.611284838,1.440425537,1.342576902,0.023714488,-0.023361109,0.900062301,0.87828449,1.853994774,1.812264797,-0.013820621,0.01465475
17.88431535,0.669701224,0.613673924,1.423243488,1.323844775,0.022612677,-0.0221568,0.886291404,0.864628742,1.841778417,1.801339623,-0.013741868,0.014584516
17.93029046,0.676171905,0.620390473,1.415485792,1.31674838,0.021368664,-0.020822103,0.874056393,0.853014663,1.833616737,1.795563872,-0.013483092,0.014323848
17.97626556,0.687108209,0.632477998,1.417863946,1.32218491,0.019980803,-0.019352617,0.863797677,0.843901003,1.830377895,1.795815109,-0.01302016,0.013846342
18.02224066,0.702862877,0.65019681,1.429508944,1.339126613,0.018456913,-0.017750689,0.855847182,0.837640232,1.832654131,1.802697819,-0.012334431,0.013131782
18.06821577,0.72260409,0.672580949,1.449305795,1.366198458,0.016840876,-0.016061845,0.850025371,0.834027907,1.839857707,1.815540913,-0.011430299,0.01218563
18.11419087,0.745557398,0.698757275,1.476175328,1.402088553,0.015173561,-0.014327281,0.846029773,0.832721959,1.851135587,1.833383912,-0.010317331,0.011019303
18.16016598,0.770997942,0.727929167,1.509039749,1.445502115,0.01349321,-0.012584579,0.843556063,0.833372917,1.865652511,1.855280787,-0.009004696,0.00964394
18.20614108,0.798238545,0.759353535,1.546793464,1.495120333,0.011836015,-0.01086866,0.842287681,0.835609727,1.882569364,1.880269936,-0.007501512,0.008070727
18.25211618,0.826613662,0.792311611,1.588275811,1.549558056,0.010236781,-0.009212801,0.841887622,0.839027428,1.901025367,1.907346724,-0.00581711,0.006311118
18.29809129,0.855459968,0.826074566,1.632243638,1.60731586,0.008729586,-0.007649575,0.84199215,0.843176217,1.92,1.92,-0.003961215,0.004376977
18.34406639,0.884094908,0.859865046,1.677343091,1.666723858,0.007348404,-0.006211666,0.842206557,0.847552121,1.92,1.92,-0.001944032,0.002280636
18.39004149,0.911795006,0.892816071,1.722081874,1.725877373,0.006127671,-0.004932539,0.842103543,0.851590404,1.92,1.92,0.000223731,3.49E-05
18.4360166,0.937818992,0.923985314,1.764939552,1.782730177,0.005095152,-0.00383972,0.841225041,0.854663897,1.92,1.92,0.002530918,-0.002347149
18.4819917,0.961533873,0.952509118,1.804782771,1.835568655,0.004249385,-0.002933195,0.839148082,0.856185197,1.92,1.92,0.004961116,-0.00484724
18.5279668,0.982303649,0.977460945,1.84051356,1.882592474,0.003582665,-0.002207306,0.835680806,0.855927059,1.92,1.92,0.007478107,-0.007428012
18.57394191,0.999453155,0.997805918,1.870960814,1.92,0.003088842,-0.001658302,0.830309545,0.85199778,1.92,1.92,0.010010795,-0.010019918
18.61991701,1.012279369,1.012430424,1.89491657,1.92,0.002763526,-0.001284712,0.822621608,0.842818032,1.92,1.92,0.012489974,-0.012554801
18.66589212,1.020071432,1.020204823,1.911192419,1.92,0.002604361,-0.001087839,0.812772756,0.829024439,1.92,1.92,0.014876882,-0.014992225
18.71186722,1.022138188,1.02007658,1.918694221,1.92,0.00261138,-0.001072423,0.801045705,0.811504017,1.92,1.92,0.017132097,-0.017291008
18.75784232,1.020854986,1.023126384,1.92,1.92,-0.010511265,0.011121563,0.78779494,0.791233556,1.906869558,1.92,0.019215545,-0.019409229
18.80381743,1.012909299,1.010074438,1.92,1.92,-0.010959763,0.011591221,0.773398953,0.769158776,1.867901253,1.875873174,0.021086503,-0.021304229
18.84979253,1.002868786,0.995486325,1.92,1.92,-0.011415687,0.012070404,0.758224443,0.746125328,1.82431511,1.816553595,0.022703599,-0.022932616
18.89576763,0.990731017,0.979462939,1.92,1.92,-0.011893046,0.012574052,0.742602822,0.722851752,1.777164783,1.754070641,0.024024821,-0.024250285
18.94174274,0.976921082,0.96243268,1.92,1.914410353,-0.012371436,0.013080993,0.726919736,0.700012492,1.727571058,1.690088036,0.025016487,-0.025221729
18.98771784,0.961955628,0.944880774,1.92,1.890567466,-0.01282259,0.013561634,0.711892999,0.678478328,1.677211814,1.626549704,0.025680873,-0.025848693
19.03369295,0.946328419,0.927263829,1.906243805,1.867516207,-0.013219144,0.013987129,0.698221647,0.659039294,1.627730216,1.565245066,0.026030917,-0.026144204
19.07966805,0.930508404,0.910014962,1.887125049,1.846196754,-0.013534631,0.014329359,0.686483636,0.642335471,1.580584929,1.507736302,0.026082005,-0.026124355
19.12564315,0.914942605,0.893551537,1.869403434,1.827495856,-0.013743423,0.014560865,0.677144393,0.628873849,1.53709343,1.45542901,0.02585249,-0.025809144
19.17161826,0.900062301,0.87828449,1.853994774,1.812264797,-0.013820621,0.01465475,0.670565711,0.619041043,1.498472772,1.409630479,0.025364073,-0.025223134
19.21759336,0.886291404,0.864628742,1.841778417,1.801339623,-0.013741868,0.014584516,0.667015963,0.613115527,1.465876103,1.371597442,0.024641932,-0.024395768
19.26356846,0.874056393,0.853014663,1.833616737,1.795563872,-0.013483092,0.014323848,0.666684161,0.611284838,1.440425537,1.342576902,0.023714488,-0.023361109
19.30954357,0.863797677,0.843901003,1.830377895,1.795815109,-0.01302016,0.013846342,0.669701224,0.613673924,1.423243488,1.323844775,0.022612677,-0.0221568
19.35551867,0.855847182,0.837640232,1.832654131,1.802697819,-0.012334431,0.013131782,0.676171905,0.620390473,1.415485792,1.31674838,0.021368664,-0.020822103
19.40149378,0.850025371,0.834027907,1.839857707,1.815540913,-0.011430299,0.01218563,0.687108209,0.632477998,1.417863946,1.32218491,0.019980803,-0.019352617
19.44746888,0.846029773,0.832721959,1.851135587,1.833383912,-0.010317331,0.011019303,0.702862877,0.65019681,1.429508944,1.339126613,0.018456913,-0.017750689
19.49344398,0.843556063,0.833372917,1.865652511,1.855280787,-0.009004696,0.00964394,0.72260409,0.672580949,1.449305795,1.366198458,0.016840876,-0.016061845
19.53941909,0.842287681,0.835609727,1.882569364,1.880269936,-0.007501512,0.008070727,0.745557398,0.698757275,1.476175328,1.402088553,0.015173561,-0.014327281
19.58539419,0.841887622,0.839027428,1.901025367,1.907346724,-0.00581711,0.006311118,0.770997942,0.727929167,1.509039749,1.445502115,0.01349321,-0.012584579
19.63136929,0.84199215,0.843176217,1.92,1.92,-0.003961215,0.004376977,0.798238545,0.759353535,1.546793464,1.495120333,0.011836015,-0.01086866
19.6773444,0.842206557,0.847552121,1.92,1.92,-0.001944032,0.002280636,0.826613662,0.792311611,1.588275811,1.549558056,0.010236781,-0.009212801
19.7233195,0.842103543,0.851590404,1.92,1.92,0.000223731,3.49E-05,0.855459968,0.826074566,1.632243638,1.60731586,0.008729586,-0.007649575
19.76929461,0.841225041,0.854663897,1.92,1.92,0.002530918,-0.002347149,0.884094908,0.859865046,1.677343091,1.666723858,0.007348404,-0.006211666
19.81526971,0.839148082,0.856185197,1.92,1.92,0.004961116,-0.00484724,0.911795006,0.892816071,1.722081874,1.725877373,0.006127671,-0.004932539
19.86124481,0.835680806,0.855927059,1.92,1.92,0.007478107,-0.007428012,0.937818992,0.923985314,1.764939552,1.782730177,0.005095152,-0.00383972
19.90721992,0.830309545,0.85199778,1.92,1.92,0.010010795,-0.010019918,0.961533873,0.952509118,1.804782771,1.835568655,0.004249385,-0.002933195
19.95319502,0.822621608,0.842818032,1.92,1.92,0.012489974,-0.012554801,0.982303649,0.977460945,1.84051356,1.882592474,0.003582665,-0.002207306
19.99917012,0.812772756,0.829024439,1.92,1.92,0.014876882,-0.014992225,0.999453155,0.997805918,1.870960814,1.92,0.003088842,-0.001658302
20.04514523,0.801045705,0.811504017,1.92,1.92,0.017132097,-0.017291008,1.012279369,1.012430424,1.89491657,1.92,0.002763526,-0.001284712
20.09112033,0.78779494,0.791233556,1.906869558,1.92,0.019215545,-0.019409229,1.020071432,1.020204823,1.911192419,1.92,0.002604361,-0.001087839
20.13709544,0.773398953,0.769158776,1.867901253,1.875873174,0.021086503,-0.021304229,1.022138188,1.02007658,1.918694221,1.92,0.00261138,-0.001072423
20.18307054,0.758224443,0.746125328,1.82431511,1.816553595,0.022703599,-0.022932616,1.020854986,1.023126384,1.92,1.92,-0.010511265,0.011121563
20.22904564,0.742602822,0.722851752,1.777164783,1.754070641,0.024024821,-0.024250285,1.012909299,1.010074438,1.92,1.92,-0.010959763,0.011591221
20.27502075,0.726919736,0.700012492,1.727571058,1.690088036,0.025016487,-0.025221729,1.002868786,0.995486325,1.92,1.92,-0.011415687,0.012070404
20.32099585,0.711892999,0.678478328,1.677211814,1.626549704,0.025680873,-0.025848693,0.990731017,0.979462939,1.92,1.92,-0.011893046,0.012574052
20.36697095,0.698221647,0.659039294,1.627730216,1.565245066,0.026030917,-0.026144204,0.976921082,0.96243268,1.92,1.914410353,-0.012371436,0.013080993
20.41294606,0.686483636,0.642335471,1.580584929,1.507736302,0.026082005,-0.026124355,0.961955628,0.944880774,1.92,1.890567466,-0.01282259,0.013561634
20.45892116,0.677144393,0.628873849,1.53709343,1.45542901,0.02585249,-0.025809144,0.946328419,0.927263829,1.906243805,1.867516207,-0.013219144,0.013987129
20.50489627,0.670565711,0.619041043,1.498472772,1.409630479,0.025364073,-0.025223134,0.930508404,0.910014962,1.887125049,1.846196754,-0.013534631,0.014329359
20.55087137,0.667015963,0.613115527,1.465876103,1.371597442,0.024641932,-0.024395768,0.914942605,0.893551537,1.869403434,1.827495856,-0.013743423,0.014560865
20.59684647,0.666684161,0.611284838,1.440425537,1.342576902,0.023714488,-0.023361109,0.900062301,0.87828449,1.853994774,1.812264797,-0.013820621,0.01465475
20.64282158,0.669701224,0.613673924,1.423243488,1.323844775,0.022612677,-0.0221568,0.886291404,0.864628742,1.841778417,1.801339623,-0.013741868,0.014584516
20.68879668,0.676171905,0.620390473,1.415485792,1.31674838,0.021368664,-0.020822103,0.874056393,0.853014663,1.833616737,1.795563872,-0.013483092,0.014323848
20.73477178,0.687108209,0.632477998,1.417863946,1.32218491,0.019980803,-0.019352617,0.863797677,0.843901003,1.830377895,1.795815109,-0.01302016,0.013846342
20.78074689,0.702862877,0.65019681,1.429508944,1.339126613,0.018456913,-0.017750689,0.855847182,0.837640232,1.832654131,1.802697819,-0.012334431,0.013131782
20.82672199,0.72260409,0.672580949,1.449305795,1.366198458,0.016840876,-0.016061845,0.850025371,0.834027907,1.839857707,1.815540913,-0.011430299,0.01218563
20.8726971,0.745557398,0.698757275,1.476175328,1.402088553,0.015173561,-0.014327281,0.846029773,0.832721959,1.851135587,1.833383912,-0.010317331,0.011019303
20.9186722,0.770997942,0.727929167,1.509039749,1.445502115,0.01349321,-0.012584579,0.843556063,0.833372917,1.865652511,1.855280787,-0.009004696,0.00964394
20.9646473,0.798238545,0.759353535,1.546793464,1.495120333,0.011836015,-0.01086866,0.842287681,0.835609727,1.882569364,1.880269936,-0.007501512,0.008070727
21.01062241,0.826613662,0.792311611,1.588275811,1.549558056,0.010236781,-0.009212801,0.841887622,0.839027428,1.901025367,1.907346724,-0.00581711,0.006311118
21.05659751,0.855459968,0.826074566,1.632243638,1.60731586,0.008729586,-0.007649575,0.84199215,0.843176217,1.92,1.92,-0.003961215,0.004376977
21.10257261,0.884094908,0.859865046,1.677343091,1.666723858,0.007348404,-0.006211666,0.842206557,0.847552121,1.92,1.92,-0.001944032,0.002280636
21.14854772,0.911795006,0.892816071,1.722081874,1.725877373,0.006127671,-0.004932539,0.842103543,0.851590404,1.92,1.92,0.000223731,3.49E-05
21.19452282,0.937818992,0.923985314,1.764939552,1.782730177,0.005095152,-0.00383972,0.841225041,0.854663897,1.92,1.92,0.002530918,-0.002347149
21.24049793,0.961533873,0.952509118,1.804782771,1.835568655,0.004249385,-0.002933195,0.839148082,0.856185197,1.92,1.92,0.004961116,-0.00484724
21.28647303,0.982303649,0.977460945,1.84051356,1.882592474,0.003582665,-0.002207306,0.835680806,0.855927059,1.92,1.92,0.007478107,-0.007428012
21.33244813,0.999453155,0.997805918,1.870960814,1.92,0.003088842,-0.001658302,0.830309545,0.85199778,1.92,1.92,0.010010795,-0.010019918
21.37842324,1.012279369,1.012430424,1.89491657,1.92,0.002763526,-0.001284712,0.822621608,0.842818032,1.92,1.92,0.012489974,-0.012554801
21.42439834,1.020071432,1.020204823,1.911192419,1.92,0.002604361,-0.001087839,0.812772756,0.829024439,1.92,1.92,0.014876882,-0.014992225
21.47037344,1.022138188,1.02007658,1.918694221,1.92,0.00261138,-0.001072423,0.801045705,0.811504017,1.92,1.92,0.017132097,-0.017291008
21.51634855,1.020854986,1.023126384,1.92,1.92,-0.010511265,0.011121563,0.78779494,0.791233556,1.906869558,1.92,0.019215545,-0.019409229
21.56232365,1.012909299,1.010074438,1.92,1.92,-0.010959763,0.011591221,0.773398953,0.769158776,1.867901253,1.875873174,0.021086503,-0.021304229
21.60829876,1.002868786,0.995486325,1.92,1.92,-0.011415687,0.012070404,0.758224443,0.746125328,1.82431511,1.816553595,0.022703599,-0.022932616
21.65427386,0.990731017,0.979462939,1.92,1.92,-0.011893046,0.012574052,0.742602822,0.722851752,1.777164783,1.754070641,0.024024821,-0.024250285
21.70024896,0.976921082,0.96243268,1.92,1.914410353,-0.012371436,0.013080993,0.726919736,0.700012492,1.727571058,1.690088036,0.025016487,-0.025221729
21.74622407,0.961955628,0.944880774,1.92,1.890567466,-0.01282259,0.013561634,0.711892999,0.678478328,1.677211814,1.626549704,0.025680873,-0.025848693
21.79219917,0.946328419,0.927263829,1.906243805,1.867516207,-0.013219144,0.013987129,0.698221647,0.659039294,1.627730216,1.565245066,0.026030917,-0.026144204
21.83817427,0.930508404,0.910014962,1.887125049,1.846196754,-0.013534631,0.014329359,0.686483636,0.642335471,1.580584929,1.507736302,0.026082005,-0.026124355
21.88414938,0.914942605,0.893551537,1.869403434,1.827495856,-0.013743423,0.014560865,0.677144393,0.628873849,1.53709343,1.45542901,0.02585249,-0.025809144
21.93012448,0.900062301,0.87828449,1.853994774,1.812264797,-0.013820621,0.01465475,0.670565711,0.619041043,1.498472772,1.409630479,0.025364073,-0.025223134
21.97609959,0.886291404,0.864628742,1.841778417,1.801339623,-0.013741868,0.014584516,0.667015963,0.613115527,1.465876103,1.371597442,0.024641932,-0.024395768
22.02207469,0.874056393,0.853014663,1.833616737,1.795563872,-0.013483092,0.014323848,0.666684161,0.611284838,1.440425537,1.342576902,0.023714488,-0.023361109
22.06804979,0.863797677,0.843901003,1.830377895,1.795815109,-0.01302016,0.013846342,0.669701224,0.613673924,1.423243488,1.323844775,0.022612677,-0.0221568
22.1140249,0.855847182,0.837640232,1.832654131,1.802697819,-0.012334431,0.013131782,0.676171905,0.620390473,1.415485792,1.31674838,0.021368664,-0.020822103
22.16,0.850025371,0.834027907,1.839857707,1.815540913,-0.011430299,0.01218563,0.687108209,0.632477998,1.417863946,1.32218491,0.019980803,-0.019352617
22.2059751,0.846029773,0.832721959,1.851135587,1.833383912,-0.010317331,0.011019303,0.702862877,0.65019681,1.429508944,1.339126613,0.018456913,-0.017750689
22.25195021,0.843556063,0.833372917,1.865652511,1.855280787,-0.009004696,0.00964394,0.72260409,0.672580949,1.449305795,1.366198458,0.016840876,-0.016061845
22.29792531,0.842287681,0.835609727,1.882569364,1.880269936,-0.007501512,0.008070727,0.745557398,0.698757275,1.476175328,1.402088553,0.015173561,-0.014327281
22.34390041,0.841887622,0.839027428,1.901025367,1.907346724,-0.00581711,0.006311118,0.770997942,0.727929167,1.509039749,1.445502115,0.01349321,-0.012584579
22.38987552,0.84199215,0.843176217,1.92,1.92,-0.003961215,0.004376977,0.798238545,0.759353535,1.546793464,1.495120333,0.011836015,-0.01086866
22.43585062,0.842206557,0.847552121,1.92,1.92,-0.001944032,0.002280636,0.826613662,0.792311611,1.588275811,1.549558056,0.010236781,-0.009212801
22.48182573,0.842103543,0.851590404,1.92,1.92,0.000223731,3.49E-05,0.855459968,0.826074566,1.632243638,1.60731586,0.008729586,-0.007649575
22.52780083,0.841225041,0.854663897,1.92,1.92,0.002530918,-0.002347149,0.884094908,0.859865046,1.677343091,1.666723858,0.007348404,-0.006211666
22.57377593,0.839148082,0.856185197,1.92,1.92,0.004961116,-0.00484724,0.911795006,0.892816071,1.722081874,1.725877373,0.006127671,-0.004932539
22.61975104,0.835680806,0.855927059,1.92,1.92,0.007478107,-0.007428012,0.937818992,0.923985314,1.764939552,1.782730177,0.005095152,-0.00383972
22.66572614,0.830309545,0.85199778,1.92,1.92,0.010010795,-0.010019918,0.961533873,0.952509118,1.804782771,1.835568655,0.004249385,-0.002933195
22.71170124,0.822621608,0.842818032,1.92,1.92,0.012489974,-0.012554801,0.982303649,0.977460945,1.84051356,1.882592474,0.003582665,-0.002207306
22.75767635,0.812772756,0.829024439,1.92,1.92,0.014876882,-0.014992225,0.999453155,0.997805918,1.870960814,1.92,0.003088842,-0.001658302
22.80365145,0.801045705,0.811504017,1.92,1.92,0.017132097,-0.017291008,1.012279369,1.012430424,1.89491657,1.92,0.002763526,-0.001284712
22.84962656,0.78779494,0.791233556,1.906869558,1.92,0.019215545,-0.019409229,1.020071432,1.020204823,1.911192419,1.92,0.002604361,-0.001087839
22.89560166,0.773398953,0.769158776,1.867901253,1.875873174,0.021086503,-0.021304229,1.022138188,1.02007658,1.918694221,1.92,0.00261138,-0.001072423
22.94157676,0.758224443,0.746125328,1.82431511,1.816553595,0.022703599,-0.022932616,1.020854986,1.023126384,1.92,1.92,-0.010511265,0.011121563
22.98755187,0.742602822,0.722851752,1.777164783,1.754070641,0.024024821,-0.024250285,1.012909299,1.010074438,1.92,1.92,-0.010959763,0.011591221
23.03352697,0.726919736,0.700012492,1.727571058,1.690088036,0.025016487,-0.025221729,1.002868786,0.995486325,1.92,1.92,-0.011415687,0.012070404
23.07950207,0.711892999,0.678478328,1.677211814,1.626549704,0.025680873,-0.025848693,0.990731017,0.979462939,1.92,1.92,-0.011893046,0.012574052
23.12547718,0.698221647,0.659039294,1.627730216,1.565245066,0.026030917,-0.026144204,0.976921082,0.96243268,1.92,1.914410353,-0.012371436,0.013080993
23.17145228,0.686483636,0.642335471,1.580584929,1.507736302,0.026082005,-0.026124355,0.961955628,0.944880774,1.92,1.890567466,-0.01282259,0.013561634
23.21742739,0.677144393,0.628873849,1.53709343,1.45542901,0.02585249,-0.025809144,0.946328419,0.927263829,1.906243805,1.867516207,-0.013219144,0.013987129
23.26340249,0.670565711,0.619041043,1.498472772,1.409630479,0.025364073,-0.025223134,0.930508404,0.910014962,1.887125049,1.846196754,-0.013534631,0.014329359
23.30937759,0.667015963,0.613115527,1.465876103,1.371597442,0.024641932,-0.024395768,0.914942605,0.893551537,1.869403434,1.827495856,-0.013743423,0.014560865
23.3553527,0.666684161,0.611284838,1.440425537,1.342576902,0.023714488,-0.023361109,0.900062301,0.87828449,1.853994774,1.812264797,-0.013820621,0.01465475
23.4013278,0.669701224,0.613673924,1.423243488,1.323844775,0.022612677,-0.0221568,0.886291404,0.864628742,1.841778417,1.801339623,-0.013741868,0.014584516
23.4473029,0.676171905,0.620390473,1.415485792,1.31674838,0.021368664,-0.020822103,0.874056393,0.853014663,1.833616737,1.795563872,-0.013483092,0.014323848
23.49327801,0.687108209,0.632477998,1.417863946,1.32218491,0.019980803,-0.019352617,0.863797677,0.843901003,1.830377895,1.795815109,-0.01302016,0.013846342
23.53925311,0.702862877,0.65019681,1.429508944,1.339126613,0.018456913,-0.017750689,0.855847182,0.837640232,1.832654131,1.802697819,-0.012334431,0.013131782
23.58522822,0.72260409,0.672580949,1.449305795,1.366198458,0.016840876,-0.016061845,0.850025371,0.834027907,1.839857707,1.815540913,-0.011430299,0.01218563
23.63120332,0.745557398,0.698757275,1.476175328,1.402088553,0.015173561,-0.014327281,0.846029773,0.832721959,1.851135587,1.833383912,-0.010317331,0.011019303
23.67717842,0.770997942,0.727929167,1.509039749,1.445502115,0.01349321,-0.012584579,0.843556063,0.833372917,1.865652511,1.855280787,-0.009004696,0.00964394
23.72315353,0.798238545,0.759353535,1.546793464,1.495120333,0.011836015,-0.01086866,0.842287681,0.835609727,1.882569364,1.880269936,-0.007501512,0.008070727
23.76912863,0.826613662,0.792311611,1.588275811,1.549558056,0.010236781,-0.009212801,0.841887622,0.839027428,1.901025367,1.907346724,-0.00581711,0.006311118
23.81510373,0.855459968,0.826074566,1.632243638,1.60731586,0.008729586,-0.007649575,0.84199215,0.843176217,1.92,1.92,-0.003961215,0.004376977
23.86107884,0.884094908,0.859865046,1.677343091,1.666723858,0.007348404,-0.006211666,0.842206557,0.847552121,1.92,1.92,-0.001944032,0.002280636
23.90705394,0.911795006,0.892816071,1.722081874,1.725877373,0.006127671,-0.004932539,0.842103543,0.851590404,1.92,1.92,0.000223731,3.49E-05
23.95302905,0.937818992,0.923985314,1.764939552,1.782730177,0.005095152,-0.00383972,0.841225041,0.854663897,1.92,1.92,0.002530918,-0.002347149
23.99900415,0.961533873,0.952509118,1.804782771,1.835568655,0.004249385,-0.002933195,0.839148082,0.856185197,1.92,1.92,0.004961116,-0.00484724
24.04497925,0.982303649,0.977460945,1.84051356,1.882592474,0.003582665,-0.002207306,0.835680806,0.855927059,1.92,1.92,0.007478107,-0.007428012
24.09095436,0.999453155,0.997805918,1.870960814,1.92,0.003088842,-0.001658302,0.830309545,0.85199778,1.92,1.92,0.010010795,-0.010019918
24.13692946,1.012279369,1.012430424,1.89491657,1.92,0.002763526,-0.001284712,0.822621608,0.842818032,1.92,1.92,0.012489974,-0.012554801
24.18290456,1.020071432,1.020204823,1.911192419,1.92,0.002604361,-0.001087839,0.812772756,0.829024439,1.92,1.92,0.014876882,-0.014992225
24.22887967,1.022138188,1.02007658,1.918694221,1.92,0.00261138,-0.001072423,0.801045705,0.811504017,1.92,1.92,0.017132097,-0.017291008
24.27485477,1.020854986,1.023126384,1.92,1.92,-0.010511265,0.011121563,0.78779494,0.791233556,1.906869558,1.92,0.019215545,-0.019409229
24.32082988,1.012909299,1.010074438,1.92,1.92,-0.010959763,0.011591221,0.773398953,0.769158776,1.867901253,1.875873174,0.021086503,-0.021304229
24.36680498,1.002868786,0.995486325,1.92,1.92,-0.011415687,0.012070404,0.758224443,0.746125328,1.82431511,1.816553595,0.022703599,-0.022932616
24.41278008,0.990731017,0.979462939,1.92,1.92,-0.011893046,0.012574052,0.742602822,0.722851752,1.777164783,1.754070641,0.024024821,-0.024250285
24.45875519,0.976921082,0.96243268,1.92,1.914410353,-0.012371436,0.013080993,0.726919736,0.700012492,1.727571058,1.690088036,0.025016487,-0.025221729
24.50473029,0.961955628,0.944880774,1.92,1.890567466,-0.01282259,0.013561634,0.711892999,0.678478328,1.677211814,1.626549704,0.025680873,-0.025848693
24.55070539,0.946328419,0.927263829,1.906243805,1.867516207,-0.013219144,0.013987129,0.698221647,0.659039294,1.627730216,1.565245066,0.026030917,-0.026144204
24.5966805,0.930508404,0.910014962,1.887125049,1.846196754,-0.013534631,0.014329359,0.686483636,0.642335471,1.580584929,1.507736302,0.026082005,-0.026124355
24.6426556,0.914942605,0.893551537,1.869403434,1.827495856,-0.013743423,0.014560865,0.677144393,0.628873849,1.53709343,1.45542901,0.02585249,-0.025809144
24.68863071,0.900062301,0.87828449,1.853994774,1.812264797,-0.013820621,0.01465475,0.670565711,0.619041043,1.498472772,1.409630479,0.025364073,-0.025223134
24.73460581,0.886291404,0.864628742,1.841778417,1.801339623,-0.013741868,0.014584516,0.667015963,0.613115527,1.465876103,1.371597442,0.024641932,-0.024395768
24.78058091,0.874056393,0.853014663,1.833616737,1.795563872,-0.013483092,0.014323848,0.666684161,0.611284838,1.440425537,1.342576902,0.023714488,-0.023361109
24.82655602,0.863797677,0.843901003,1.830377895,1.795815109,-0.01302016,0.013846342,0.669701224,0.613673924,1.423243488,1.323844775,0.022612677,-0.0221568
24.87253112,0.855847182,0.837640232,1.832654131,1.802697819,-0.012334431,0.013131782,0.676171905,0.620390473,1.415485792,1.31674838,0.021368664,-0.020822103
24.91850622,0.850025371,0.834027907,1.839857707,1.815540913,-0.011430299,0.01218563,0.687108209,0.632477998,1.417863946,1.32218491,0.019980803,-0.019352617
24.96448133,0.846029773,0.832721959,1.851135587,1.833383912,-0.010317331,0.011019303,0.702862877,0.65019681,1.429508944,1.339126613,0.018456913,-0.017750689
25.01045643,0.843556063,0.833372917,1.865652511,1.855280787,-0.009004696,0.00964394,0.72260409,0.672580949,1.449305795,1.366198458,0.016840876,-0.016061845
25.05643154,0.842287681,0.835609727,1.882569364,1.880269936,-0.007501512,0.008070727,0.745557398,0.698757275,1.476175328,1.402088553,0.015173561,-0.014327281
25.10240664,0.841887622,0.839027428,1.901025367,1.907346724,-0.00581711,0.006311118,0.770997942,0.727929167,1.509039749,1.445502115,0.01349321,-0.012584579
25.14838174,0.84199215,0.843176217,1.92,1.92,-0.003961215,0.004376977,0.798238545,0.759353535,1.546793464,1.495120333,0.011836015,-0.01086866
25.19435685,0.842206557,0.847552121,1.92,1.92,-0.001944032,0.002280636,0.826613662,0.792311611,1.588275811,1.549558056,0.010236781,-0.009212801
25.24033195,0.842103543,0.851590404,1.92,1.92,0.000223731,3.49E-05,0.855459968,0.826074566,1.632243638,1.60731586,0.008729586,-0.007649575
25.28630705,0.841225041,0.854663897,1.92,1.92,0.002530918,-0.002347149,0.884094908,0.859865046,1.677343091,1.666723858,0.007348404,-0.006211666
25.33228216,0.839148082,0.856185197,1.92,1.92,0.004961116,-0.00484724,0.911795006,0.892816071,1.722081874,1.725877373,0.006127671,-0.004932539
25.37825726,0.835680806,0.855927059,1.92,1.92,0.007478107,-0.007428012,0.937818992,0.923985314,1.764939552,1.782730177,0.005095152,-0.00383972
25.42423237,0.830309545,0.85199778,1.92,1.92,0.010010795,-0.010019918,0.961533873,0.952509118,1.804782771,1.835568655,0.004249385,-0.002933195
25.47020747,0.822621608,0.842818032,1.92,1.92,0.012489974,-0.012554801,0.982303649,0.977460945,1.84051356,1.882592474,0.003582665,-0.002207306
25.51618257,0.812772756,0.829024439,1.92,1.92,0.014876882,-0.014992225,0.999453155,0.997805918,1.870960814,1.92,0.003088842,-0.001658302
25.56215768,0.801045705,0.811504017,1.92,1.92,0.017132097,-0.017291008,1.012279369,1.012430424,1.89491657,1.92,0.002763526,-0.001284712
25.60813278,0.78779494,0.791233556,1.906869558,1.92,0.019215545,-0.019409229,1.020071432,1.020204823,1.911192419,1.92,0.002604361,-0.001087839
25.65410788,0.773398953,0.769158776,1.867901253,1.875873174,0.021086503,-0.021304229,1.022138188,1.02007658,1.918694221,1.92,0.00261138,-0.001072423
25.70008299,0.758224443,0.746125328,1.82431511,1.816553595,0.022703599,-0.022932616,1.020854986,1.023126384,1.92,1.92,-0.010511265,0.011121563
25.74605809,0.742602822,0.722851752,1.777164783,1.754070641,0.024024821,-0.024250285,1.011930966,1.010074438,1.92,1.92,-0.010959763,0.011591221
25.7920332,0.726919736,0.700012492,1.727571058,1.690088036,0.025016487,-0.025221729,1.00091212,0.995486325,1.92,1.92,-0.011415687,0.012070404
25.8380083,0.711892999,0.678478328,1.677211814,1.626549704,0.025680873,-0.025848693,0.987796018,0.979462939,1.92,1.92,-0.011893046,0.012574052
25.8839834,0.698221647,0.659039294,1.627730216,1.565245066,0.026030917,-0.026144204,0.97300775,0.96243268,1.92,1.914410353,-0.012371436,0.013080993
25.92995851,0.686483636,0.642335471,1.580584929,1.507736302,0.026082005,-0.026124355,0.957063963,0.944880774,1.919124545,1.890567466,-0.01282259,0.013561634
25.97593361,0.677144393,0.628873849,1.53709343,1.45542901,0.02585249,-0.025809144,0.940458421,0.927263829,1.898243805,1.867516207,-0.013219144,0.013987129
26.02190871,0.670565711,0.619041043,1.498472772,1.409630479,0.025364073,-0.025223134,0.923660073,0.910014962,1.877791716,1.846196754,-0.013534631,0.014329359
26.06788382,0.667015963,0.613115527,1.465876103,1.371597442,0.024641932,-0.024395768,0.907115941,0.893551537,1.858736767,1.827495856,-0.013743423,0.014560865
26.11385892,0.666684161,0.611284838,1.440425537,1.342576902,0.023714488,-0.023361109,0.891257304,0.87828449,1.841994774,1.812264797,-0.013820621,0.01465475
26.15983402,0.669701224,0.613673924,1.423243488,1.323844775,0.022612677,-0.0221568,0.876508074,0.864628742,1.828445084,1.801339623,-0.013741868,0.014584516
26.20580913,0.67493083,0.620390473,1.413421791,1.31674838,0.021368664,-0.020822103,0.86329473,0.853014663,1.81895007,1.795563872,-0.013483092,0.014323848
26.25178423,0.684626059,0.632477998,1.413735944,1.32218491,0.019980803,-0.019352617,0.852057681,0.843901003,1.814377895,1.795815109,-0.01302016,0.013846342
26.29775934,0.699139653,0.65019681,1.423316942,1.339126613,0.018456913,-0.017750689,0.843128853,0.837640232,1.815320798,1.802697819,-0.012334431,0.013131782
26.34373444,0.71763979,0.672580949,1.441049792,1.366198458,0.016840876,-0.016061845,0.836328709,0.834027907,1.82119104,1.815540913,-0.011430299,0.01218563
26.38970954,0.739352024,0.698757275,1.465855324,1.402088553,0.015173561,-0.014327281,0.831354778,0.832721959,1.831135587,1.833383912,-0.010317331,0.011019303
26.43568465,0.763551493,0.727929167,1.496655744,1.445502115,0.01349321,-0.012584579,0.827902735,0.833372917,1.844319177,1.855280787,-0.009004696,0.00964394
26.48165975,0.789551021,0.759353535,1.532345458,1.495120333,0.011836015,-0.01086866,0.82565602,0.835609727,1.859902697,1.880269936,-0.007501512,0.008070727
26.52763485,0.816685064,0.792311611,1.571763804,1.549558056,0.010236781,-0.009212801,0.824277628,0.839027428,1.877025367,1.907346724,-0.00581711,0.006311118
26.57360996,0.844290294,0.826074566,1.61366763,1.60731586,0.008729586,-0.007649575,0.823403823,0.843176217,1.8947904,1.92,-0.003961215,0.004376977
26.61958506,0.87168416,0.859865046,1.656703082,1.666723858,0.007348404,-0.006211666,0.822639897,0.847552121,1.912254743,1.92,-0.001944032,0.002280636
26.66556017,0.898143183,0.892816071,1.699377864,1.725877373,0.006127671,-0.004932539,0.82155855,0.851590404,1.92,1.92,0.000223731,3.49E-05
26.71153527,0.922926094,0.923985314,1.740171542,1.782730177,0.005095152,-0.00383972,0.819701715,0.854663897,1.92,1.92,0.002530918,-0.002347149
26.75751037,0.9453999,0.952509118,1.77795076,1.835568655,0.004249385,-0.002933195,0.816646423,0.856185197,1.92,1.92,0.004961116,-0.00484724
26.80348548,0.964928601,0.977460945,1.811617548,1.882592474,0.003582665,-0.002207306,0.812200814,0.855927059,1.92,1.92,0.007478107,-0.007428012
26.84946058,0.980837033,0.997805918,1.840000801,1.92,0.003088842,-0.001658302,0.80585122,0.85199778,1.92,1.92,0.010010795,-0.010019918
26.89543568,0.992422172,1.012430424,1.861892556,1.92,0.002763526,-0.001284712,0.79718495,0.842818032,1.92,1.92,0.012489974,-0.012554801
26.94141079,0.99897316,1.020204823,1.876104405,1.92,0.002604361,-0.001087839,0.786357765,0.829024439,1.92,1.92,0.014876882,-0.014992225
26.98738589,0.999798841,1.02007658,1.881542205,1.92,0.00261138,-0.001072423,0.773652381,0.811504017,1.90273939,1.92,0.017132097,-0.017291008
27.033361,0.997274565,1.023126384,1.880783983,1.92,-0.010511265,0.011121563,0.759423283,0.791233556,1.868202891,1.92,0.019215545,-0.019409229
27.0793361,0.988087803,1.010074438,1.880053316,1.92,-0.010959763,0.011591221,0.744048963,0.769158776,1.827901253,1.875873174,0.021086503,-0.021304229
27.1253112,0.976806215,0.995486325,1.879322648,1.92,-0.011415687,0.012070404,0.72789612,0.746125328,1.782981777,1.816553595,0.022703599,-0.022932616
27.17128631,0.963427371,0.979462939,1.878591981,1.92,-0.011893046,0.012574052,0.711296166,0.722851752,1.734498116,1.754070641,0.024024821,-0.024250285
27.21726141,0.948376361,0.96243268,1.877861313,1.914410353,-0.012371436,0.013080993,0.694634747,0.700012492,1.683571058,1.690088036,0.025016487,-0.025221729
27.26323651,0.932169832,0.944880774,1.87625519,1.890567466,-0.01282259,0.013561634,0.678629677,0.678478328,1.63187848,1.626549704,0.025680873,-0.025848693
27.30921162,0.915301548,0.927263829,1.854643783,1.867516207,-0.013219144,0.013987129,0.663979992,0.659039294,1.58106355,1.565245066,0.026030917,-0.026144204
27.35518672,0.898240459,0.910014962,1.833461026,1.846196754,-0.013534631,0.014329359,0.651263648,0.642335471,1.532584929,1.507736302,0.026082005,-0.026124355
27.40116183,0.881433585,0.893551537,1.81367541,1.827495856,-0.013743423,0.014560865,0.640946072,0.628873849,1.487760097,1.45542901,0.02585249,-0.025809144
27.44713693,0.865312206,0.87828449,1.796202749,1.812264797,-0.013820621,0.01465475,0.633389057,0.619041043,1.447806105,1.409630479,0.025364073,-0.025223134
27.49311203,0.850300235,0.864628742,1.781922391,1.801339623,-0.013741868,0.014584516,0.628860976,0.613115527,1.413876103,1.371597442,0.024641932,-0.024395768
27.53908714,0.836824149,0.853014663,1.771696711,1.795563872,-0.013483092,0.014323848,0.627550841,0.611284838,1.387092203,1.342576902,0.023714488,-0.023361109
27.58506224,0.825324357,0.843901003,1.766393868,1.795815109,-0.01302016,0.013846342,0.629589571,0.613673924,1.368576821,1.323844775,0.022612677,-0.0221568
27.63103734,0.816132788,0.837640232,1.766606103,1.802697819,-0.012334431,0.013131782,0.635081919,0.620390473,1.359485792,1.31674838,0.021368664,-0.020822103
27.67701245,0.809069902,0.834027907,1.771745678,1.815540913,-0.011430299,0.01218563,0.64503989,0.632477998,1.360530613,1.32218491,0.019980803,-0.019352617
27.72298755,0.803833229,0.832721959,1.780959557,1.833383912,-0.010317331,0.011019303,0.659816225,0.65019681,1.370842278,1.339126613,0.018456913,-0.017750689
27.76896266,0.800118444,0.833372917,1.79341248,1.855280787,-0.009004696,0.00964394,0.678579105,0.672580949,1.389305795,1.366198458,0.016840876,-0.016061845
27.81493776,0.797608987,0.835609727,1.808265332,1.880269936,-0.007501512,0.008070727,0.70055408,0.698757275,1.414841995,1.402088553,0.015173561,-0.014327281
27.86091286,0.795967854,0.839027428,1.824657334,1.907346724,-0.00581711,0.006311118,0.725016291,0.727929167,1.446373083,1.445502115,0.01349321,-0.012584579
27.90688797,0.794831306,0.843176217,1.8416917,1.92,-0.003961215,0.004376977,0.751278561,0.759353535,1.482793464,1.495120333,0.011836015,-0.01086866
27.95286307,0.793804639,0.847552121,1.858425376,1.92,-0.003961215,0.002280636,0.778675345,0.792311611,1.522942478,1.549558056,0.010236781,-0.009212801
27.99883817,0.79246055,0.851590404,1.865439965,1.92,-0.003961215,0.002280636,0.806543318,0.826074566,1.565576971,1.60731586,0.008729586,-0.007649575
28.04481328,0.790340973,0.854663897,1.864709297,1.92,-0.003961215,0.002280636,0.834199925,0.859865046,1.609343091,1.666723858,0.007348404,-0.006211666
28.09078838,0.78702294,0.856185197,1.86397863,1.92,-0.003961215,0.002280636,0.86092169,0.892816071,1.65274854,1.725877373,0.006127671,-0.004932539
28.13676349,0.782314589,0.855927059,1.863247962,1.92,-0.003961215,0.002280636,0.885967343,0.923985314,1.694272886,1.782730177,0.005095152,-0.00383972
28.18273859,0.775702253,0.85199778,1.862517295,1.92,-0.003961215,0.002280636,0.908703891,0.952509118,1.732782771,1.835568655,0.004249385,-0.002933195
28.22871369,0.766773241,0.842818032,1.861786627,1.92,-0.003961215,0.002280636,0.928495334,0.977460945,1.767180227,1.882592474,0.003582665,-0.002207306
28.2746888,0.755683314,0.829024439,1.86105596,1.92,-0.003961215,0.002280636,0.944666507,0.997805918,1.796294147,1.92,0.003088842,-0.001658302
28.3206639,0.742715189,0.811504017,1.843064682,1.92,-0.003961215,0.002280636,0.956514388,1.012430424,1.81891657,1.92,0.002763526,-0.001284712
28.366639,0.728223348,0.791233556,1.807797516,1.92,-0.003961215,0.002280636,0.963328118,1.020204823,1.833859086,1.92,0.002604361,-0.001087839
28.41261411,0.712586287,0.785,1.766765211,1.875873174,-0.003961215,0.002280636,0.964416541,1.02007658,1.840027554,1.92,0.00261138,-0.001072423
28.45858921,0.711345212,0.78116682,1.74470121,1.858410991,-0.011679119,0.017742631,0.959138982,1.011173154,1.836506824,1.92,0.00278748,-0.001247553
28.50456432,0.704287607,0.763699986,1.713374503,1.835307608,-0.011423961,0.017201296,0.949580109,0.996694073,1.825694321,1.92,0.003081678,-0.001555056
28.55053942,0.696313952,0.745709692,1.677869395,1.778775882,-0.011197408,0.016661263,0.938147519,0.980304442,1.8104069,1.908511042,0.003434363,-0.00192316
28.59651452,0.687602331,0.727736494,1.639123152,1.720466077,-0.011000623,0.0161264,0.924831709,0.962102154,1.790739617,1.877077474,0.003836976,-0.002343857
28.64248963,0.67858769,0.710459497,1.598568952,1.662297851,-0.010825412,0.015592314,0.909937586,0.942481954,1.767457526,1.842445541,0.004274674,-0.002804589
28.68846473,0.669688541,0.694456561,1.557642876,1.606037076,-0.010659644,0.015051454,0.89383923,0.921880942,1.741461566,1.805640436,0.004729612,-0.003290219
28.73443983,0.661221974,0.680148994,1.517640833,1.553220506,-0.010489079,0.014494918,0.876894775,0.90069665,1.713605909,1.767591949,0.005182063,-0.003783706
28.78041494,0.653408119,0.667825246,1.479739639,1.505222506,-0.010297139,0.013912428,0.859442067,0.879288153,1.684689526,1.729137581,0.005610168,-0.004265835
28.82639004,0.646380022,0.657666044,1.445022823,1.463313722,-0.010064783,0.013292375,0.841797611,0.857980224,1.655454369,1.691031815,0.005989737,-0.004714979
28.87236515,0.640198921,0.64977387,1.414508454,1.428712767,-0.009770531,0.012621988,0.824257859,0.837069054,1.626588208,1.653958344,0.006294107,-0.005106911
28.91834025,0.63646428,0.645707899,1.388799325,1.401999931,-0.009290859,0.011717486,0.80710205,0.816828554,1.598730443,1.618543177,0.006494108,-0.005414695
28.96431535,0.636548668,0.646604111,1.367844167,1.382643025,-0.008508389,0.010409736,0.790595966,0.79751668,1.572479645,1.585367464,0.006558146,-0.005608694
29.01029046,0.640112775,0.651894639,1.351674546,1.370259113,-0.007411944,0.008714074,0.774996191,0.779381491,1.548401967,1.554979493,0.006452454,-0.00565673
29.05626556,0.646734209,0.660946879,1.340214656,1.364391528,-0.00601001,0.006669568,0.760488782,0.762600016,1.526887677,1.527751137,0.006156604,-0.005539286
29.10224066,0.655743682,0.672876002,1.332877507,1.364032589,-0.0043777,0.00438315,0.746999474,0.747087742,1.507716251,1.503439909,0.00571008,-0.00529559
29.14821577,0.66641725,0.686756241,1.328948834,1.368040764,-0.002608735,0.001978844,0.734397511,0.732707747,1.490537994,1.481681043,0.005168656,-0.004981117
29.19419087,0.678039655,0.70168681,1.327704078,1.375260503,-0.000798086,-0.000421207,0.722559677,0.719334967,1.475024522,1.462138546,0.004589353,-0.004652876
29.24016598,0.689906842,0.71678883,1.328398898,1.3845023,0.00095951,-0.002699079,0.711368046,0.706853009,1.460864284,1.44449889,0.00403023,-0.004369235
29.28614108,0.701327295,0.731200812,1.330265126,1.39453197,0.002570679,-0.00474235,0.70070831,0.695151747,1.447759206,1.428466274,0.003550196,-0.004189731
29.33211618,0.711621966,0.744073259,1.332511637,1.404068731,0.003944171,-0.00644442,0.690468566,0.684125501,1.435422198,1.413759077,0.003208834,-0.004174861
29.37809129,0.720122928,0.754563513,1.33432987,1.411792449,0.004991262,-0.007704014,0.680538463,0.673671678,1.423575359,1.400107187,0.003066256,-0.004385885
29.42406639,0.726171056,0.761832006,1.33490391,1.41636088,0.005625829,-0.008424021,0.670808656,0.663689772,1.411948735,1.387250016,0.003182988,-0.00488462
29.47004149,0.729113027,0.765040684,1.33342514,1.416437653,0.005764137,-0.008509757,0.661170496,0.654080647,1.400279564,1.37493507,0.003619894,-0.005733254
29.5160166,0.728311091,0.763386122,1.329147604,1.410811799,0.005346778,-0.007890655,0.651547082,0.64476667,1.388379905,1.362965095,0.004415598,-0.006969768
29.5619917,0.723178669,0.756197209,1.321518803,1.398684191,0.004404928,-0.006589298,0.641986516,0.635753161,1.376336847,1.351339351,0.005518962,-0.008534648
29.6079668,0.715865656,0.746117646,1.312294033,1.383132084,0.003114246,-0.004850644,0.632568087,0.627066307,1.364302143,1.340104509,0.006856807,-0.010344188
29.65394191,0.708915062,0.736272148,1.303550249,1.36776823,0.001663425,-0.00294594,0.623371046,0.618732521,1.352423357,1.329305889,0.008356423,-0.012315009
29.69991701,0.702339095,0.726742019,1.295303673,1.35276334,0.00012489,-0.000957426,0.614474615,0.61077844,1.340844037,1.318987528,0.009945531,-0.01436416
29.74589212,0.696150148,0.717607626,1.287569895,1.338283157,-0.00142965,0.001032672,0.605958031,0.603230921,1.329704015,1.309192277,0.011552249,-0.016409186
29.79186722,0.690360779,0.708948551,1.280363932,1.324489049,-0.002929201,0.002942135,0.597900596,0.596117035,1.319139805,1.299961943,0.013105066,-0.018368173
29.83784232,0.684983686,0.70084377,1.273700312,1.311538701,-0.004303455,0.00468877,0.590381737,0.589464061,1.309285102,1.29133746,0.014532818,-0.020159751
29.88381743,0.680031691,0.693371835,1.26759321,1.2995869,-0.005482723,0.006190452,0.583481056,0.583299468,1.30027137,1.2833591,0.015764672,-0.021703078
29.92979253,0.675517719,0.686611068,1.26205661,1.288786398,-0.006397822,0.007365201,0.577278376,0.577650908,1.292228509,1.276066716,0.016730111,-0.022917774
29.97576763,0.671451916,0.680621421,1.25709963,1.27925251,-0.007000102,0.008155084,0.571833915,0.572541401,1.285251192,1.269491693,0.017379189,-0.02374737
30.02174274,0.667832986,0.675389883,1.252712369,1.270956254,-0.007321619,0.008597802,0.567128686,0.567974895,1.279297366,1.263632571,0.017743213,-0.024229726
30.06771784,0.664656745,0.670885751,1.248881076,1.263835778,-0.007414263,0.008755291,0.563123922,0.563950523,1.27429345,1.258480728,0.017873704,-0.024426226
30.11369295,0.661918946,0.66707881,1.245593048,1.257832561,-0.007329591,0.00868979,0.559780804,0.560467329,1.270168619,1.254028761,0.017822048,-0.024398219
30.15966805,0.659615245,0.663939147,1.242836581,1.252890954,-0.007118863,0.008463693,0.557060375,0.557524225,1.266854417,1.250270465,0.017639444,-0.024207006
30.20564315,0.657741171,0.661437021,1.240600932,1.248957795,-0.006833083,0.008139431,0.554923484,0.555119956,1.264284415,1.247200823,0.017376872,-0.023913828
30.25161826,0.656292109,0.659542752,1.238876294,1.245982065,-0.006523029,0.007779354,0.553330753,0.553253086,1.262393915,1.244816018,0.017085072,-0.023579835
30.29759336,0.655263283,0.658226638,1.237653769,1.2439146,-0.006239275,0.007445647,0.552242564,0.551921979,1.261119686,1.243113453,0.01681454,-0.023266053
30.34356846,0.654649751,0.657458903,1.236925366,1.242707844,-0.006032213,0.00720025,0.55161906,0.551124807,1.260399744,1.242091795,0.016615538,-0.023033342
30.38954357,0.654446402,0.657209656,1.23668399,1.242315641,-0.005952061,0.007104807,0.551420164,0.550859558,1.260173152,1.24175102,0.016538113,-0.022942341
